outcome,percentile,median_ratio,minimum_ratio,maximum_ratio,owning_section
Nitrogen,10,,,,Results: Simulated populations are compressed toward typical behaviour
Nitrogen,25,,,,Results: Simulated populations are compressed toward typical behaviour
Nitrogen,50,,,,Results: Simulated populations are compressed toward typical behaviour
Nitrogen,75,0.975497765381697,0.67588059458589,1.1496937949141428,Results: Simulated populations are compressed toward typical behaviour
Nitrogen,90,0.557338193074536,0.4330041455629025,0.6185773508041464,Results: Simulated populations are compressed toward typical behaviour
Nitrogen,99,0.29165878707075166,0.23723669031295946,0.3495919868451763,Results: Simulated populations are compressed toward typical behaviour
Family labour,10,,,,Results: Simulated populations are compressed toward typical behaviour
Family labour,25,,,,Results: Simulated populations are compressed toward typical behaviour
Family labour,50,,,,Results: Simulated populations are compressed toward typical behaviour
Family labour,75,0.6214689265536724,0.3163841807909605,0.7344632768361582,Results: Simulated populations are compressed toward typical behaviour
Family labour,90,0.35828025477707,0.15127388535031844,0.4816878980891717,Results: Simulated populations are compressed toward typical behaviour
Family labour,99,0.15751634525801966,0.05805967565071837,0.7593433864571363,Results: Simulated populations are compressed toward typical behaviour
Hired labour,10,,,,Results: Simulated populations are compressed toward typical behaviour
Hired labour,25,,,,Results: Simulated populations are compressed toward typical behaviour
Hired labour,50,,,,Results: Simulated populations are compressed toward typical behaviour
Hired labour,75,,,,Results: Simulated populations are compressed toward typical behaviour
Hired labour,90,0.3333333333333333,0.2222222222222222,0.5555555555555556,Results: Simulated populations are compressed toward typical behaviour
Hired labour,99,0.44490358126721674,0.20110192837465307,1.794077134986221,Results: Simulated populations are compressed toward typical behaviour
"Nitrogen, Quzhou",10,1.6,1.2,1.8666666666666667,Results: Simulated populations are compressed toward typical behaviour
"Nitrogen, Quzhou",25,1.4423076923076923,1.0576923076923077,1.5384615384615385,Results: Simulated populations are compressed toward typical behaviour
"Nitrogen, Quzhou",50,1.2857142857142858,1.0,1.2857142857142858,Results: Simulated populations are compressed toward typical behaviour
"Nitrogen, Quzhou",75,1.0,0.8421052631578947,1.1578947368421053,Results: Simulated populations are compressed toward typical behaviour
"Nitrogen, Quzhou",90,0.8136696501220498,0.7323026851098449,1.4239218877135873,Results: Simulated populations are compressed toward typical behaviour
"Nitrogen, Quzhou",99,0.5215113763181274,0.45550823331131696,1.48040175826178,Results: Simulated populations are compressed toward typical behaviour
