Township,Village,Distance_to_the_city_center,Distance_to_road_net,Household_number,Off-farm_labour_ratio,Average_income,Arable_land,Irrigatable_land,Area_with_wheat,Area_with_maize,Area_with_cotton,Area_with_oil_crops,Area_with_vegetables,Smallholder_farm,Family_farm,Cooperative_farm,Type,
Anzhai,Anzhai,17.5,0.5,290,50.00%,2000,193.333,100.00%,82.76%,90.07%,22.83%,1.03%,6.34%,79.31%,NA,3,6,
Anzhai,Beixintun,20,2,200,30.00%,2000,124.000,100.00%,59.14%,68.28%,16.67%,0.75%,4.19%,94.62%,0,0,3,
Anzhai,Caiyuan,15,0.5,60,25.00%,3000,20.000,100.00%,83.33%,77.00%,18.67%,1.00%,4.67%,83.33%,0,1,1_1,
Anzhai,Dongfu,15,0.2,422,19.00%,NA,216.000,100.00%,59.88%,74.44%,18.18%,0.83%,4.54%,97.22%,0,2,1_2,
Anzhai,Dongmaliangu,25,1,300,60.00%,3000,100.000,10.00%,86.67%,100.00%,38.13%,1.73%,9.53%,92.00%,0,1,7,
Anzhai,Dongtun,15,3,600,50.00%,1000,220.000,100.00%,78.79%,87.48%,19.52%,0.88%,5.45%,80.91%,0,1,3,
Anzhai,Dongzhangzhuang,30,10,130,50.00%,1500,54.667,100.00%,83.54%,100.00%,34.15%,0.49%,8.54%,92.68%,0,0,1_1,
Anzhai,Dongzhaolin,17.5,5,200,60.00%,1000,122.000,100.00%,65.57%,68.25%,16.67%,0.77%,4.15%,89.07%,NA,0,6,
Anzhai,Fanzhuang,25,2,124,15.00%,2000,80.000,100.00%,83.33%,65.33%,16.00%,0.75%,4.00%,91.33%,0,1,1_1,
Anzhai,Fanzhuang,15,5,80,55.00%,5000,36.667,100.00%,72.73%,100.00%,17.82%,0.73%,105.82%,100.00%,0,0,Outlier,
Anzhai,Gongxianli,10,2,185,60.00%,4000,40.000,100.00%,91.67%,92.17%,22.67%,1.00%,11.17%,100.00%,0,0,1_1,
Anzhai,Guzhuang,30,1,176,50.00%,1200,65.067,96.93%,48.77%,81.86%,20.08%,0.92%,5.02%,100.00%,0,0,1_1,
Anzhai,Hangu,20,2,170,50.00%,1000,80.000,100.00%,91.67%,92.33%,22.58%,1.00%,5.58%,100.00%,0,0,1_1,
Anzhai,Hegu,15,0,273,16.25%,1000,70.667,94.34%,75.47%,79.06%,19.34%,0.85%,8.58%,94.34%,0,1,1_1,
Anzhai,Hegulizhuang,15,1,286,33.00%,2300,141.333,100.00%,70.75%,69.53%,17.03%,0.75%,4.25%,74.53%,0,0,4,
Anzhai,Hougongchengbao,12,3,500,90.00%,2000,233.333,100.00%,86.86%,77.40%,18.94%,0.86%,4.71%,100.00%,0,0,3,
Anzhai,Houyali,9,0.8,150,40.00%,4500,50.000,100.00%,50.67%,83.87%,20.40%,0.93%,5.07%,80.00%,0,1,1_1,
Anzhai,Houyalizhuang,10,0.5,270,40.00%,2000,124.267,100.00%,85.84%,80.53%,19.74%,0.91%,4.94%,100.00%,0,0,1_1,
Anzhai,Houzhaogu,15,2,470,80.00%,3500,153.333,100.00%,73.91%,68.22%,16.70%,0.78%,4.13%,100.00%,0,2,3,
Anzhai,Liutuan,25,1.5,260,75.00%,1500,166.667,100.00%,60.00%,73.24%,17.88%,0.80%,4.52%,100.00%,0,0,1_1,
Anzhai,Luying,25,1.5,700,90.00%,2000,276.667,100.00%,60.24%,74.55%,18.24%,0.84%,4.55%,95.66%,1,0,6,
Anzhai,Mazhuang,30,0,160,15.00%,2000,86.667,100.00%,71.54%,52.92%,12.62%,0.62%,3.15%,100.00%,0,0,1_1,
Anzhai,Nanmadian,15,4,900,60.00%,1500,345.333,100.00%,86.87%,74.17%,18.15%,0.83%,4.52%,100.00%,0,0,6,
Anzhai,Nanxintun,15,1.5,230,40.00%,8000,120.000,100.00%,66.67%,70.17%,17.17%,0.78%,4.28%,98.33%,0,0,4,
Anzhai,Nanyangzhuang,NA,NA,293,NA,NA,120.000,NA,NA,58.30%,14.20%,0.60%,3.50%,NA,NA,NA,NA,
Anzhai,Nanzhaolin,15,1,200,5.70%,2250,80.000,100.00%,79.17%,100.00%,25.42%,1.17%,6.33%,100.00%,0,0,1_1,
Anzhai,Nanzhuzhuang,20,2,220,40.00%,2000,102.667,100.00%,71.43%,76.62%,18.70%,0.84%,4.68%,100.00%,0,0,1_1,
Anzhai,Qiangongchengbao,NA,NA,319,NA,NA,123.000,NA,NA,69.50%,17.00%,0.70%,4.20%,NA,NA,NA,NA,
Anzhai,Qianya,8,1,500,10.00%,8000,156.600,100.00%,12.77%,68.28%,16.69%,0.77%,4.13%,65.94%,0,1,4,
Anzhai,Qianzhaogu,17.5,1.5,440,55.00%,2600,140.000,100.00%,76.19%,81.57%,20.00%,0.90%,4.95%,100.00%,0,2,3,
Anzhai,Qinzhuang,20,3,157,80.00%,5700,80.667,100.00%,82.64%,79.50%,19.50%,0.91%,4.88%,99.17%,0,0,1_1,
Anzhai,Sanyizhuang,18,2,216,10.00%,1500,110.000,60.61%,60.61%,91.82%,22.48%,1.03%,5.58%,100.00%,0,0,1_1,
Anzhai,Wanglizhuang,25,1,375,70.00%,2000,206.667,100.00%,74.19%,85.32%,20.87%,0.94%,5.19%,98.39%,0,1,3,
Anzhai,Xifu,15,0.1,291,29.00%,1800,133.333,75.00%,65.00%,92.95%,22.70%,1.00%,5.65%,96.70%,0,0,1_1,
Anzhai,Xilizhuang,15,3,200,40.00%,2000,106.667,100.00%,62.50%,73.75%,18.00%,0.81%,4.50%,93.75%,1,0,1_1,
Anzhai,Ximaliangu,NA,NA,599,NA,NA,317.000,NA,NA,67.70%,16.60%,0.70%,4.10%,NA,NA,NA,NA,
Anzhai,Xisanta,25,4,770,30.00%,3000,400.000,100.00%,66.67%,74.28%,18.18%,0.23%,4.53%,95.83%,0,0,6,
Anzhai,Xiyanggu,22,0.5,500,50.00%,1500,306.667,97.39%,71.83%,71.13%,17.41%,0.72%,4.33%,97.39%,0,1,3,
Anzhai,Xizhangzhuang,25,2,300,80.00%,1500,120.000,100.00%,88.89%,93.83%,22.94%,1.06%,5.72%,91.11%,0,3,3,
Anzhai,Xizhaolin,17,1,200,40.00%,2000,86.667,100.00%,76.92%,86.54%,21.15%,0.92%,5.31%,84.62%,NA,0,6,
Anzhai,Zhaozhuang,15,0.2,185,90.00%,3800,86.667,100.00%,46.15%,73.00%,17.85%,0.77%,4.46%,69.23%,1,1,1_1,
Anzhai,Zheng,25,2.5,330,60.00%,3500,138.000,100.00%,67.63%,80.48%,19.71%,0.87%,4.93%,91.30%,1,0,3,
Baizhai,Aitai,7.5,0.6,330,50.00%,NA,166.667,100.00%,100.00%,84.20%,11.76%,1.60%,1.76%,54.00%,0,0,2,
Baizhai,Anwangzhuang,10,0.5,110,50.00%,3500,31.067,100.00%,21.46%,13.09%,10.94%,4.51%,8.58%,100.00%,0,0,4,
Baizhai,Baituandian,10,1.5,273,16.25%,1000,70.667,100.00%,94.34%,100.00%,20.85%,1.89%,7.92%,112.26%,0,0,1_1,
Baizhai,Baixiaoying,10,5,186,50.00%,2800,60.000,100.00%,55.56%,91.00%,8.67%,2.67%,17.44%,100.00%,0,1,1_1,
Baizhai,Baizhai,5,0.2,465,80.00%,2500,116.667,100.00%,85.71%,98.97%,21.26%,0.29%,2.63%,76.23%,1,0,3,
Baizhai,Beiyou,8,2,800,60.00%,4000,170.667,100.00%,100.00%,100.00%,54.61%,0.47%,4.34%,100.00%,0,0,3,
Baizhai,Buzhai,10,1,300,30.00%,1500,113.333,100.00%,70.59%,100.00%,16.71%,0.24%,3.88%,82.35%,0,1,1_1,
Baizhai,Chailvzhai,12,1,346,30.00%,3600,160.000,100.00%,91.67%,64.92%,2.88%,1.00%,4.38%,100.00%,0,1,4,
Baizhai,Dongchenzhuang,5,3,230,20.00%,3600,50.867,100.00%,78.64%,99.48%,36.44%,0.26%,7.73%,99.61%,0,0,1_1,
Baizhai,Dongjizhuang,15,10,85,80.00%,2500,46.467,100.00%,83.21%,130.00%,8.46%,2.30%,9.61%,100.00%,0,0,Outlier,
Baizhai,Dongjiaoying,6,0.5,180,10.00%,2500,46.667,100.00%,10.00%,25.43%,3.00%,0.71%,14.43%,99.00%,0,0,4,
Baizhai,Dongzhubao,8,3,135,10.00%,4000,53.333,100.00%,25.00%,58.50%,8.63%,0.38%,3.25%,100.00%,0,0,4,
Baizhai,Fanlizhuang,5,0.5,180,90.00%,2500,54.467,100.00%,96.33%,75.89%,15.67%,1.22%,1.35%,100.00%,0,0,1_2,
Baizhai,Funanzhuang,2,0.1,538,80.00%,4500,100.000,100.00%,66.67%,100.00%,3.20%,0.07%,27.93%,93.33%,0,1,4,
Baizhai,Fuyangji,15,1.5,365,0.00%,2500,100.000,100.00%,0.67%,54.60%,7.13%,0.27%,32.87%,96.67%,0,2,4,
Baizhai,Gaozhuang,7.5,1,230,80.00%,3000,60.000,100.00%,90.00%,100.00%,20.67%,0.78%,1.89%,100.00%,0,0,3,
Baizhai,Houlishengzhai,5,3,420,70.00%,8000,75.867,100.00%,33.39%,21.88%,10.28%,1.93%,13.18%,100.00%,0,0,4,
Baizhai,Houzhai,10,1,320,30.00%,2000,100.000,100.00%,82.00%,83.53%,16.07%,0.93%,7.80%,100.00%,0,0,1_1,
Baizhai,Liuzhuangtun,4,0.5,220,20.00%,5000,42.667,100.00%,31.25%,14.69%,12.19%,3.75%,15.47%,178.13%,0,0,4,
Baizhai,Louzhai,15,1,380,60.00%,1800,160.000,100.00%,62.50%,60.29%,4.08%,0.79%,3.58%,100.00%,0,2,3,
Baizhai,Luxintun,5,0.5,500,80.00%,4000,166.667,100.00%,82.80%,95.88%,14.00%,0.36%,7.56%,98.00%,0,0,3,
Baizhai,Mabu,NA,NA,725,NA,NA,259.000,NA,NA,99.50%,35.70%,2.30%,2.50%,NA,NA,NA,NA,
Baizhai,Nanniuzhuang,3,0.5,318,60.00%,5000,20.000,100.00%,83.33%,100.00%,87.33%,5.67%,62.33%,0.00%,0,0,7,
Baizhai,Nnawangzhuan,5,0.12,292,34.00%,3000,89.333,100.00%,75.60%,100.00%,5.82%,0.22%,24.48%,77.61%,0,2,1_1,
Baizhai,Nanyou,10,1.5,336,80.00%,6000,90.000,100.00%,88.89%,95.26%,23.19%,1.56%,2.81%,100.00%,0,0,3,
Baizhai,Niangniangzhai,15,0.5,430,80.00%,2000,153.333,100.00%,100.00%,86.48%,4.91%,1.35%,3.09%,100.00%,0,0,3,
Baizhai,Niubao,5,1,120,40.00%,1800,26.667,100.00%,25.00%,38.00%,14.25%,3.50%,37.00%,100.00%,0,0,4,
Baizhai,Qianzhai,10,0.3,281,45.00%,400,118.667,100.00%,73.03%,86.07%,14.72%,0.67%,0.90%,97.75%,0,1,1_1,
Baizhai,Silizhuang,9,1,120,40.00%,3500,31.333,100.00%,85.11%,140.00%,18.72%,0.64%,2.34%,25.53%,1,0,Outlier,
Baizhai,Sizhai,10,6,822,50.00%,3500,313.467,NA,70.18%,87.07%,31.20%,0.47%,2.45%,85.43%,3,5,2,
Baizhai,Suhuzhai,7,2,320,38.00%,5000,118.000,100.00%,48.02%,85.93%,16.55%,0.79%,2.88%,100.00%,0,0,4,
Baizhai,Tasiqiao,7,1,400,30.00%,4000,80.000,100.00%,8.33%,72.00%,13.92%,0.25%,37.33%,87.50%,0,2,4,
Baizhai,Tianshuizhuang,10,1,400,80.00%,6000,146.667,100.00%,90.91%,72.95%,8.00%,0.64%,0.14%,11.05%,1,0,3,
Baizhai,Wang,4,50,429,6.00%,4500,120.000,100.00%,16.67%,90.28%,4.33%,0.17%,18.22%,100.00%,0,3,3,
Baizhai,Xichenzhuang,3,0.7,191,50.00%,4000,43.600,100.00%,50.46%,87.77%,18.04%,2.75%,16.51%,100.00%,0,0,1_1,
Baizhai,Xijizhuang,10,1.5,145,30.00%,2000,60.667,70.00%,57.14%,94.95%,20.44%,1.43%,9.78%,93.41%,1,0,1_1,
Baizhai,Xiniubao,14,3,325,40.00%,3600,111.333,100.00%,14.97%,47.60%,5.27%,0.72%,7.66%,100.00%,0,0,3,
Baizhai,Xizhuang,5,1,260,50.00%,3000,103.333,98.71%,100.00%,100.00%,18.32%,0.45%,1.81%,61.29%,1,1,1_1,
Baizhai,Yaozhai,12,0,178,43.00%,3000,73.333,100.00%,81.82%,82.91%,20.00%,0.73%,9.27%,90.91%,2,0,1_1,
Baizhai,Yezhuang,4,0.5,208,40.00%,4500,87.667,100.00%,95.67%,97.79%,17.72%,0.99%,1.98%,100.00%,0,0,1_1,
Baizhai,Yongan,6,0.2,147,57.00%,2660,53.333,100.00%,75.00%,93.63%,25.63%,2.13%,7.25%,100.00%,0,3,1_1,
Baizhai,Zhizhongzhai,6,4,400,75.00%,4000,110.667,100.00%,93.37%,88.07%,7.95%,1.02%,7.53%,100.00%,0,0,3,
Baizhai,Gaolizhuang,5,0.5,115,30.00%,3500,42.667,100.00%,78.13%,100.00%,37.81%,0.47%,5.16%,98.44%,0,0,1_1,
Dahedao,Changzhuang,15,3,200,50.00%,5000,98.000,100.00%,88.44%,58.91%,44.08%,10.41%,2.99%,100.00%,0,0,7,
Dahedao,Dongdayou,15,0.2,837,40.00%,3000,300.000,100.00%,91.11%,49.13%,27.29%,4.22%,1.22%,97.11%,2,5,2,
Dahedao,Donghedao,15,0.5,110,70.00%,1200,96.000,80.00%,83.33%,55.90%,43.19%,10.56%,2.71%,79.17%,0,2,7,
Dahedao,Donglaoying,15,2,137,25.00%,1750,79.333,100.00%,84.03%,54.45%,46.55%,12.35%,4.03%,96.22%,0,1,7,
Dahedao,Dongsifurenzhai,15,0.1,625,60.00%,3000,213.333,100.00%,93.75%,56.03%,32.75%,5.59%,2.06%,100.00%,0,0,7,
Dahedao,Houlaoying,20,3,280,70.00%,4500,133.333,100.00%,75.00%,58.70%,39.05%,8.10%,4.30%,100.00%,0,3,7,
Dahedao,Jiahuzang,15,0.5,300,35.00%,5000,133.333,90.00%,85.00%,68.70%,43.40%,8.35%,2.30%,100.00%,0,1,7,
Dahedao,Kongzhuang,25,1,260,33.00%,3000,113.333,100.00%,94.12%,66.12%,44.65%,10.41%,2.12%,100.00%,0,0,7,
Dahedao,Qianhedao,15,0.1,320,50.00%,5000,157.333,100.00%,72.03%,52.42%,34.28%,6.95%,1.91%,76.27%,0,1,7,
Dahedao,Suxiaoying,12.5,1,230,80.00%,5000,86.667,100.00%,73.08%,65.92%,49.54%,11.77%,3.23%,100.00%,0,0,7,
Dahedao,Xidayou,16,0,396,90.00%,800,166.667,100.00%,60.00%,57.88%,35.92%,6.76%,1.96%,68.00%,0,0,2,
Dahedao,Xihedao,15,0.15,178,65.00%,1500,85.667,100.00%,93.39%,51.44%,43.58%,11.52%,4.20%,96.89%,0,0,7,
Dahedao,Xilaoying,15,4,210,80.00%,2100,122.667,100.00%,65.22%,48.70%,35.92%,8.37%,3.26%,100.00%,0,0,7,
Dahedao,Xisifurenzhai,15,5,450,50.00%,3600,164.000,100.00%,81.30%,64.72%,39.07%,7.03%,2.03%,100.00%,0,0,7,
Dahedao,Xuezhuang,10,0.1,21,50.00%,200,86.667,100.00%,76.92%,69.77%,51.23%,11.85%,5.00%,100.00%,0,0,7,
Dahedao,Yanzhuang,15,0.5,144,25.00%,4500,46.667,100.00%,95.71%,92.86%,79.43%,20.86%,7.86%,100.00%,0,0,7,
Dahedao,Zhangbalangzhai,15,1.5,390,33.00%,3000,146.667,100.00%,77.27%,60.05%,38.41%,7.55%,2.05%,100.00%,0,0,7,
Dahedao,Zhaoluzhuang,15,0.8,680,50.00%,3000,213.333,100.00%,78.13%,66.34%,37.22%,5.88%,1.16%,100.00%,0,3,7,
Disituan,Beilongtang,15,0.5,435,37.50%,2400,180.000,100.00%,81.48%,64.11%,2.56%,1.30%,1.89%,87.04%,5,2,2,
Disituan,Beixinzhuang,NA,NA,442,NA,NA,276.000,NA,NA,44.40%,1.40%,1.04%,2.60%,NA,NA,NA,NA,
Disituan,Pujie,6.5,1.5,176,67.00%,1500,80.933,100.00%,78.17%,76.77%,5.19%,1.48%,1.81%,65.82%,0,1,1_1,
Disituan,Chengzhai,6.5,1,200,33.30%,400,40.000,100.00%,33.33%,86.67%,8.83%,1.83%,1.50%,100.00%,0,0,1_1,
Disituan,Dadiba,15,4,241,40.00%,1000,184.000,100.00%,79.71%,27.50%,1.99%,0.83%,1.12%,89.13%,1,1,3,
Disituan,Dazhongzhai,8,2,153,50.00%,1700,113.333,100.00%,64.71%,61.88%,3.82%,1.53%,0.82%,88.24%,1,0,1_1,
Disituan,Deng,9,1,120,55.00%,2000,54.000,100.00%,86.42%,88.64%,4.81%,3.83%,6.54%,100.00%,0,0,1_1,
Disituan,Diliutuan,7,0.2,530,10.00%,3000,NA,NA,NA,NA,NA,NA,NA,NA,0,1,5,
Disituan,Disantuan,15,1,260,80.00%,2300,146.667,100.00%,81.82%,49.36%,3.09%,1.27%,1.55%,91.55%,0,0,3,
Disituan,Disituan,10,0,400,80.00%,5000,230.000,100.00%,71.01%,58.84%,2.23%,1.39%,2.78%,98.55%,NA,0,3,
Disituan,Diwutuan,NA,NA,218,NA,NA,126.000,NA,NA,60.00%,2.30%,1.37%,3.40%,NA,NA,NA,NA,
Disituan,Dongliushangzhai,NA,NA,119,NA,NA,71.130,NA,NA,90.50%,5.20%,1.68%,2.60%,NA,NA,NA,NA,
Disituan,Dongwei,15,6,165,80.00%,2000,94.667,100.00%,84.51%,57.96%,4.72%,1.62%,0.85%,80.99%,0,1,1_1,
Disituan,Fuzhuang,10,1,145,30.00%,2000,133.333,80.00%,75.00%,45.05%,3.45%,1.55%,0.65%,80.00%,1,1,3,
Disituan,Gong,12,0.5,202,NA,NA,NA,NA,NA,NA,NA,NA,NA,NA,0,1,1_1,
Disituan,Guolizhuang,17,3.5,213,70.00%,2700,86.667,84.62%,76.92%,49.69%,7.23%,0.85%,1.92%,69.23%,1,1,3,
Disituan,Hanzhuang,6,0.5,450,20.00%,5000,173.333,100.00%,76.92%,78.73%,2.12%,1.46%,3.46%,76.92%,3,3,2,
Disituan,Hexizhai,6,1,165,66.00%,3000,60.000,100.00%,80.00%,83.22%,7.78%,2.00%,6.67%,91.11%,0,2,1_1,
Disituan,Jiaozhuang,NA,NA,299,NA,NA,152.000,NA,NA,78.10%,2.50%,1.67%,0.66%,NA,NA,NA,NA,
Disituan,Lixitou,13,4,97,40.00%,1900,40.000,100.00%,100.00%,100.00%,8.83%,3.67%,5.33%,70.00%,0,1,1_1,
Disituan,Lizhuang,10,1,36,20.00%,5000,26.667,100.00%,37.50%,72.25%,4.75%,2.25%,0.75%,92.50%,0,0,1_1,
Disituan,Liuzhuang,NA,NA,133,NA,NA,165.000,NA,NA,34.10%,1.70%,1.11%,1.40%,NA,NA,NA,NA,
Disituan,Longwangmiao,8,2,130,40.00%,2250,93.333,100.00%,89.29%,54.43%,3.93%,1.14%,1.36%,71.43%,2,0,4,
Disituan,Matuan,NA,NA,482,NA,NA,457.000,NA,NA,42.90%,1.40%,0.76%,1.60%,NA,NA,NA,NA,
Disituan,Nanlongtang,25,7,320,50.00%,1500,166.667,100.00%,96.00%,65.92%,2.00%,1.32%,1.32%,95.60%,0,1,3,
Disituan,Nanwanglou,15,5,350,50.00%,2000,186.667,100.00%,35.71%,48.86%,3.29%,1.00%,0.82%,100.00%,0,0,3,
Disituan,Nanwei,15,6,190,60.00%,2000,84.000,100.00%,95.24%,71.51%,4.13%,1.43%,1.11%,100.00%,0,0,1_1,
Disituan,Shenzhuang,7.5,1.5,103,95.00%,3000,53.333,100.00%,75.00%,66.13%,6.50%,2.00%,1.00%,37.50%,0,0,1_1,
Disituan,Sitouhoujie,10,3,400,55.00%,3000,180.000,100.00%,92.59%,60.48%,2.89%,1.04%,0.59%,100.00%,0,0,3,
Disituan,Sitouqianjie,10,3,180,67.00%,1300,104.000,100.00%,64.10%,61.92%,3.59%,1.35%,1.15%,80.77%,0,1,1_1,
Disituan,Sunzhuang,NA,NA,20,NA,NA,18.850,NA,NA,88.80%,4.90%,5.70%,0.70%,NA,NA,NA,NA,
Disituan,Wanghuznag,NA,NA,171,NA,NA,206.000,NA,NA,36.40%,1.90%,0.84%,0.90%,NA,NA,NA,NA,
Disituan,Wuzhuang,15,5,384,50.00%,3500,153.333,100.00%,98.70%,68.83%,3.96%,1.70%,0.83%,92.61%,1,1,3,
Disituan,Xiliushangzhai,NA,NA,311,NA,NA,379.000,NA,NA,45.80%,1.20%,0.96%,1.60%,NA,NA,NA,NA,
Disituan,Xiwei,10,8,160,20.00%,3000,80.000,100.00%,66.67%,66.83%,5.25%,1.50%,0.67%,86.25%,1,1,3,
Disituan,Xiaozhongzhai,6,1,300,40.00%,3000,113.333,100.00%,70.59%,59.41%,3.18%,1.24%,2.53%,76.47%,0,3,4,
Disituan,Xinyuan,15,0.6,160,60.00%,1500,86.667,100.00%,84.62%,76.85%,3.62%,1.77%,1.23%,86.92%,0,1,1_1,
Disituan,Zhaojie,5,0.4,120,NA,2500,46.000,100.00%,97.10%,82.46%,8.26%,1.88%,1.45%,100.00%,0,0,1_1,
Disituan,Zhnegzhuang,10,5,120,90.00%,2600,66.667,100.00%,90.00%,66.80%,6.60%,2.30%,0.90%,90.00%,0,0,1_1,
Disituan,Zhuzhuang,12,2,220,80.00%,2800,120.000,100.00%,83.33%,60.61%,4.33%,1.44%,2.33%,95.56%,0,1,1_1,
Henantuan,Beigaozhuang,20,2,415,80.00%,3500,200.000,100.00%,91.67%,54.50%,8.13%,1.20%,27.10%,86.00%,1,1,3,
Henantuan,Beimazhuang,20,2,186,4.00%,2500,93.333,71.43%,88.57%,100.00%,15.36%,2.29%,51.57%,78.57%,1,0,1_1,
Henantuan,Dajie,15,1,240,10.00%,4000,66.667,100.00%,80.00%,67.20%,10.00%,1.50%,33.90%,88.00%,0,0,4,
Henantuan,Diertuan,20,0.2,480,10.00%,2200,300.000,100.00%,82.22%,64.13%,9.56%,1.40%,31.60%,88.89%,0,1,3,
Henantuan,Donglituan,20,300,300,60.00%,3000,113.333,100.00%,76.47%,82.76%,12.35%,1.88%,42.53%,88.24%,0,1,1_2,
Henantuan,Dongshuituan,25,0.2,203,66.00%,3000,140.000,100.00%,85.71%,69.95%,10.43%,1.52%,34.38%,45.24%,0,0,1_2,
Henantuan,Dongwujianfang,15,3,98,50.00%,2500,56.533,100.00%,94.34%,88.80%,13.21%,1.89%,42.57%,100.00%,0,0,1_2,
Henantuan,Gongzhuang,20,1,237,40.00%,10000,90.133,100.00%,88.76%,83.51%,12.43%,1.85%,41.72%,100.00%,0,1,4,
Henantuan,Guoyuzikou,21,0.6,263,95.00%,2700,63.333,100.00%,68.42%,97.16%,14.53%,2.11%,47.47%,93.16%,0,0,1_2,
Henantuan,Hanhan,20,0.05,200,80.00%,2500,33.333,100.00%,80.00%,100.00%,20.20%,3.00%,67.80%,100.00%,0,0,1_2,
Henantuan,Henantuaner,20,2,330,85.00%,2000,100.000,100.00%,86.67%,96.07%,14.33%,2.13%,48.13%,95.33%,0,0,1_2,
Henantuan,Henantuansan,20,0.4,345,10.00%,6400,146.667,100.00%,68.18%,69.05%,10.32%,1.50%,33.86%,100.00%,0,0,4,
Henantuan,Henantuanyi,20,0.5,500,60.00%,2000,100.000,100.00%,80.00%,95.00%,16.13%,2.40%,54.20%,79.60%,0,0,1_2,
Henantuan,Jiaozitou,30,25,142,20.00%,6000,91.000,100.00%,87.91%,79.85%,11.94%,1.76%,39.71%,89.01%,NA,1,1_2,
Henantuan,Kangjie,13,1,500,70.00%,1000,133.333,100.00%,80.00%,94.25%,14.00%,2.05%,46.30%,90.00%,0,1,1_2,
Henantuan,Langtun,15,2.5,411,76.00%,5000,300.000,100.00%,88.89%,54.09%,8.07%,1.18%,26.58%,77.78%,0,1,3,
Henantuan,Liyuzikou,20,0.2,366,65.00%,2800,100.000,100.00%,80.00%,95.00%,16.93%,2.47%,55.67%,100.00%,0,1,1_2,
Henantuan,Lianzhu,20,2,280,90.00%,3000,133.333,100.00%,90.00%,71.30%,10.65%,1.55%,35.00%,75.00%,0,1,1_2,
Henantuan,Luoguanying,20,2,365,60.00%,2000,126.667,66.68%,92.11%,86.00%,12.84%,1.89%,42.79%,100.00%,0,0,1_2,
Henantuan,Luozhuang,22.5,2,238,6.00%,650,46.667,100.00%,100.00%,95.00%,23.43%,3.43%,77.43%,100.00%,0,0,1_2,
Henantuan,Malantouer,25,2,230,50.00%,7500,134.667,100.00%,69.31%,64.75%,9.65%,1.44%,32.43%,100.00%,0,0,4,
Henantuan,Malantousan,22.5,2,183,65.00%,2500,103.933,100.00%,70.56%,73.25%,10.90%,1.60%,36.18%,83.39%,0,1,1_2,
Henantuan,Malantouyi,22.5,4,240,60.00%,2000,136.000,100.00%,78.43%,70.64%,10.54%,1.57%,35.39%,94.61%,0,0,3,
Henantuan,Matun,17,0,370,66.70%,3800,133.993,100.00%,84.58%,79.85%,11.89%,1.74%,39.31%,0.05%,0,1,4,
Henantuan,Ningtun,23,2,130,40.00%,1000,80.000,100.00%,82.63%,82.83%,12.33%,1.83%,41.42%,100.00%,0,0,1_2,
Henantuan,Shihan,20,0.2,438,50.00%,2000,163.333,100.00%,100.00%,83.35%,12.45%,1.84%,41.47%,100.00%,0,0,1_2,
Henantuan,Shizhuang,17,2,210,33.00%,2900,120.000,100.00%,88.89%,69.56%,10.39%,1.56%,35.11%,96.94%,0,0,1_2,
Henantuan,Xilituan,25,0.1,450,30.00%,6000,213.333,100.00%,78.13%,63.31%,9.44%,1.38%,31.03%,93.75%,0,0,3,
Henantuan,Xishuituan,22,1,486,90.00%,8000,253.333,100.00%,90.00%,60.21%,8.97%,1.32%,29.71%,89.47%,0,0,3,
Henantuan,Xiwujianfang,25,2,500,25.00%,4000,260.000,100.00%,89.74%,72.41%,10.79%,1.59%,35.90%,94.87%,0,2,3,
Henantuan,Xujie,17.5,0.2,130,67.00%,1500,52.000,87.18%,64.10%,97.56%,14.49%,2.18%,49.23%,100.00%,0,0,1_2,
Henantuan,Zhnaghzuang,20,2,240,60.00%,10000,133.333,100.00%,74.50%,67.30%,10.05%,1.50%,33.85%,87.50%,0,1,4,
Henantuan,Zhneghan,20,1,220,70.00%,3200,60.000,100.00%,77.78%,93.33%,13.89%,2.00%,45.11%,100.00%,0,0,1_2,
Henantuan,Zhuyuzikou,25,1,300,80.00%,3500,78.867,100.00%,76.08%,95.52%,14.29%,2.11%,47.68%,87.91%,0,1,1_2,
Houcun,Anshang,25,2,430,75.00%,2000,240.000,100.00%,88.89%,79.61%,12.36%,0.50%,0.50%,98.33%,0,1,3,
Houcun,Chen,NA,NA,508,NA,NA,348.000,NA,NA,37.20%,5.95%,0.58%,0.86%,NA,NA,NA,NA,
Houcun,Chenzhuang,15,2,200,20.00%,7000,63.333,100.00%,21.05%,95.00%,4.53%,4.00%,31.05%,100.00%,0,0,4,
Houcun,Cuizhuang,23,0.8,370,40.00%,3500,136.667,100.00%,73.17%,97.80%,6.83%,0.78%,0.78%,89.85%,0,1,3,
Houcun,Dishang,25,0.5,1100,55.00%,2000,374.573,NA,71.19%,77.14%,11.30%,0.50%,0.50%,71.01%,3,2,2,
Houcun,Dongchengmeng,20,0,460,80.00%,1000,266.667,100.00%,90.00%,37.70%,1.18%,0.78%,5.78%,0.00%,0,3,6,
Houcun,Donggaogu,25,0,350,30.00%,2500,173.333,100.00%,76.92%,83.58%,5.92%,0.50%,0.50%,77.31%,0,2,3,
Houcun,Donggaohuzhai,30,3,130,30.00%,2000,90.667,100.00%,44.12%,85.00%,2.94%,1.25%,8.60%,77.94%,0,0,1_1,
Houcun,Dongsanta,30,6,280,55.00%,5000,220.000,100.00%,12.12%,69.21%,4.91%,1.55%,1.55%,81.21%,0,2,3,
Houcun,Dongwangbao,25,0.5,585,30.00%,1500,320.000,100.00%,41.67%,73.96%,17.96%,0.50%,0.50%,3.13%,0,2,6,
Houcun,Dongyanggu,25,2,140,60.00%,5500,64.667,100.00%,95.88%,78.45%,16.49%,0.31%,0.31%,58.76%,0,1,1_1,
Houcun,Guangsha,20,2,130,30.00%,3000,85.733,100.00%,23.33%,81.34%,3.27%,1.63%,32.74%,100.00%,0,0,4,
Houcun,Hou,25,1,588,40.00%,10000,300.000,100.00%,66.67%,49.29%,14.84%,0.69%,0.69%,93.56%,0,2,6,
Houcun,Houchenyangu,20,1,98,40.00%,NA,76.667,100.00%,26.09%,95.00%,5.22%,1.04%,18.43%,95.30%,0,0,1_2,
Houcun,Houmabao,22,0,240,40.00%,4000,166.667,100.00%,0.00%,73.72%,1.72%,2.04%,2.04%,16.00%,2,0,3,
Houcun,Houwangzhuang,22,2,169,70.00%,2000,88.000,100.00%,90.91%,80.23%,6.21%,0.68%,0.68%,100.00%,0,0,1_1,
Houcun,Huatun,25,0.1,189,30.00%,5000,80.000,100.00%,70.00%,95.00%,26.83%,3.00%,3.00%,100.00%,0,0,1_2,
Houcun,Jiahzuang,20,0.2,60,60.00%,3000,33.333,100.00%,0.00%,95.00%,7.80%,0.60%,0.60%,64.00%,1,2,1_2,
Houcun,Litun,16,2,50,50.00%,2500,26.400,100.00%,50.51%,79.04%,10.35%,0.76%,0.76%,100.00%,NA,0,1_1,
Houcun,Lijiegu,20,0.3,300,29.00%,2200,80.000,100.00%,83.33%,95.00%,15.50%,1.50%,1.50%,100.00%,0,0,1_1,
Houcun,Longgaozhuang,20,3,200,30.00%,3000,80.000,100.00%,25.00%,84.00%,3.50%,2.33%,10.67%,100.00%,0,0,4,
Houcun,Longlizhuang,25,5,300,55.00%,500,73.333,100.00%,63.64%,91.45%,3.73%,2.09%,11.18%,100.00%,0,0,3,
Houcun,Lvdonggu,25,0.5,780,80.00%,3000,366.667,NA,0.00%,51.31%,13.58%,1.56%,14.58%,90.45%,0,1,6,
Houcun,Ma,25,3,242,70.00%,5000,180.600,100.00%,59.06%,80.14%,7.42%,0.22%,0.96%,66.78%,2,1,3,
Houcun,Menglizhuang,25,1,340,70.00%,1200,173.333,100.00%,79.50%,75.62%,5.58%,0.81%,0.81%,50.00%,0,2,3,
Houcun,Nanchenzhuang,17,1,103,70.00%,1600,64.000,100.00%,82.81%,86.98%,2.19%,0.83%,1.04%,93.75%,0,0,1_1,
Houcun,Pangzhai,30,0.5,600,67.00%,12000,260.000,100.00%,66.67%,67.67%,12.54%,1.03%,1.03%,85.64%,0,0,3,
Houcun,Qizhai,25,0,400,60.00%,3000,160.000,100.00%,50.00%,91.71%,23.79%,3.67%,3.67%,98.75%,2,0,3,
Houcun,Qianchenyangu,20,0,230,30.00%,4000,146.667,100.00%,72.73%,91.41%,3.36%,0.41%,9.50%,62.27%,0,2,4,
Houcun,Qianmabao,NA,NA,63,NA,NA,42.000,NA,NA,64.40%,6.50%,1.27%,1.30%,NA,NA,NA,NA,
Houcun,Qianwangzhuang,50,1,430,71.00%,3000,182.000,100.00%,62.27%,65.20%,4.14%,0.66%,0.66%,95.24%,0,2,3,
Houcun,Shentun,NA,NA,67,NA,NA,63.000,NA,NA,75.00%,3.38%,2.01%,2.01%,NA,NA,NA,NA,
Houcun,Tulu,25,1,395,80.00%,2000,162.000,100.00%,61.73%,73.83%,7.49%,0.37%,0.37%,84.36%,2,0,3,
Houcun,Wuta,25,2,400,70.00%,3000,206.667,100.00%,0.00%,74.19%,8.97%,1.23%,1.23%,89.52%,0,1,3,
Houcun,Xichengmeng,17,0.5,330,30.00%,2000,120.000,100.00%,83.33%,98.50%,11.39%,1.50%,12.61%,80.56%,0,2,1_2,
Houcun,Xigaogu,24,0.5,260,30.00%,1800,100.000,100.00%,53.33%,95.00%,3.00%,1.27%,1.27%,100.00%,0,0,1_1,
Houcun,Xigaohuzhai,16,2,276,70.00%,3900,136.667,75.61%,58.05%,64.34%,2.24%,1.22%,6.10%,80.49%,0,2,1_1,
Houcun,Xiwangbao,25,8,291,40.00%,2000,178.667,100.00%,78.36%,81.60%,17.24%,0.78%,0.78%,100.00%,0,2,3,
Houcun,Xuyanggu,45,7,180,70.00%,1000,78.667,100.00%,84.75%,95.00%,4.66%,0.68%,0.68%,605.08%,0,1,Outlier,
Houcun,Yinzhuang,25,1,450,75.00%,3000,143.333,86.05%,83.72%,95.00%,15.12%,0.70%,0.70%,62.79%,0,2,3,
Houcun,Yuanlvzhuang,20,0.3,280,20.00%,3000,113.333,100.00%,52.94%,84.41%,7.29%,1.24%,7.12%,94.71%,0,1,4,
Houcun,Zhangchuo,NA,NA,185,NA,NA,142.000,NA,NA,58.20%,3.94%,0.85%,0.84%,NA,NA,NA,NA,
Houcun,Zhuzhai,18,0.5,750,50.00%,2500,260.000,100.00%,76.92%,78.18%,14.00%,0.92%,3.49%,100.00%,NA,0,1_2,
Huaiqiao,Biahuzang,17,0.5,190,80.00%,2000,110.000,90.00%,48.48%,83.64%,11.15%,0.97%,3.03%,100.00%,0,0,1_1,
Huaiqiao,Chenyuanzhuang,4,0.5,265,65.00%,6000,82.667,100.00%,80.65%,79.92%,10.65%,0.89%,2.98%,100.00%,0,0,1_1,
Huaiqiao,Cuizhaozhuang,6,1,175,90.00%,4000,86.667,84.62%,84.62%,70.92%,9.38%,0.85%,2.62%,78.46%,1,3,3,
Huaiqiao,Dongweiqiao,10,0.5,360,20.00%,4000,100.000,100.00%,73.33%,71.73%,9.53%,0.80%,2.67%,86.67%,0,1,4,
Huaiqiao,Dongnanzhai,10,2,220,NA,2000,100.000,80.00%,70.00%,75.00%,10.00%,0.80%,2.80%,100.00%,0,0,1_1,
Huaiqiao,Dongzhangtou,6,1,410,70.00%,NA,160.000,100.00%,58.33%,64.38%,8.58%,0.71%,2.38%,95.00%,0,0,3,
Huaiqiao,Guozhuang,20,5,210,50.00%,1000,160.667,100.00%,20.75%,61.20%,8.13%,0.71%,2.28%,91.70%,NA,1,1_1,
Huaiqiao,Houguanzhai,NA,NA,175,NA,NA,111.000,NA,NA,47.30%,6.30%,0.54%,1.74%,NA,NA,NA,NA,
Huaiqiao,Huoxintun,10,1,520,80.00%,3000,340.000,98.04%,78.43%,40.82%,5.43%,0.45%,1.51%,84.75%,0,1,3,
Huaiqiao,Jinzhuang,11,0.275,141,80.00%,5000,55.133,100.00%,60.46%,72.91%,9.67%,0.85%,2.66%,73.16%,0,1,1_1,
Huaiqiao,Kushuibao,15,3,280,60.00%,3000,173.333,100.00%,57.69%,57.92%,7.69%,0.65%,2.15%,100.00%,0,0,3,
Huaiqiao,Liuguotun,10,1,126,30.00%,1700,63.333,100.00%,63.16%,70.53%,9.37%,0.74%,2.63%,100.00%,0,0,1_1,
Huaiqiao,Liulizhuang,10,1,230,65.00%,4000,115.333,98.27%,75.14%,66.53%,8.84%,0.75%,2.49%,100.00%,0,1,1_1,
Huaiqiao,Liuwangzhuang,10,1.5,320,80.00%,6000,137.333,85.44%,63.11%,65.87%,8.74%,0.73%,2.43%,100.00%,0,0,1_1,
Huaiqiao,Mazhuang,10,5,320,36.00%,2000,120.000,100.00%,83.33%,81.28%,10.78%,0.89%,3.00%,100.00%,0,0,1_1,
Huaiqiao,Qianguanzhai,6,2,180,30.00%,4000,83.333,100.00%,80.00%,65.76%,8.72%,0.72%,2.40%,82.80%,0,1,1_1,
Huaiqiao,Qiaobao,5,0.4,361,65.00%,NA,117.333,100.00%,85.23%,75.74%,10.06%,0.85%,2.78%,100.00%,0,0,1_2,
Huaiqiao,Shuidebao,8,1,350,80.00%,1800,238.333,69.93%,80.28%,56.59%,7.52%,0.64%,2.10%,79.02%,1,1,3,
Huaiqiao,Taoli,25,9,207,20.00%,2000,160.000,100.00%,83.33%,70.13%,9.33%,0.79%,2.58%,45.83%,2,15,2,
Huaiqiao,Wanghzaozhuang,15,0.005,365,60.00%,3000,220.000,100.00%,45.45%,68.15%,9.06%,0.76%,2.52%,77.88%,2,0,3,
Huaiqiao,Xihangu,10,0.5,520,10.00%,2000,180.000,100.00%,55.56%,68.04%,9.04%,0.78%,2.52%,90.74%,NA,0,1_1,
Huaiqiao,Xihuaiqiao,10,0.5,302,75.00%,5000,91.667,100.00%,65.45%,73.89%,9.82%,0.80%,2.76%,93.45%,0,1,1_1,
Huaiqiao,Xinanzhai,10,2,200,45.00%,2500,119.933,77.82%,50.03%,64.20%,8.56%,0.72%,2.39%,87.22%,0,0,1_1,
Huaiqiao,Xizhangtou,4,0,315,25.00%,2000,120.333,100.00%,72.02%,72.41%,9.64%,0.78%,2.66%,83.10%,0,1,4,
Huaiqiao,Xianggongzhuang,4,1,405,40.00%,7600,175.333,100.00%,38.02%,69.28%,9.20%,0.80%,2.59%,88.59%,0,3,4,
Huaiqiao,Xiaodiba,8.5,3,320,30.00%,3500,163.333,100.00%,81.63%,64.86%,8.29%,0.69%,2.41%,100.00%,0,0,4,
Huaiqiao,Xiaoqinzhuang,5,2,120,80.00%,1000,46.667,100.00%,28.57%,73.14%,9.71%,0.71%,2.71%,85.71%,0,0,1_1,
Huaiqiao,Yanglizhuang,5,1,150,30.00%,2000,58.600,100.00%,85.32%,60.86%,8.08%,0.68%,2.28%,88.62%,0,0,1_1,
Nanliyue,Anshang,5,2,220,67.00%,3000,125.400,100.00%,90.38%,74.27%,38.12%,3.40%,1.06%,95.69%,0,0,3,
Nanliyue,Beiliyue,NA,NA,264,NA,NA,152.000,NA,NA,69.60%,47.10%,0.57%,0.04%,NA,NA,NA,NA,
Nanliyue,Beimadian,15,2.5,395,40.00%,5000,143.333,100.00%,81.40%,97.07%,16.65%,3.16%,0.23%,100.00%,0,0,3,
Nanliyue,Changliuzhuang,15,500,370,60.00%,8500,160.000,100.00%,83.33%,71.71%,19.83%,2.46%,0.25%,100.00%,0,0,3,
Nanliyue,Chaozhai,8,3,600,70.00%,4500,200.000,100.00%,95.00%,96.70%,48.93%,0.87%,0.90%,100.00%,0,0,3,
Nanliyue,Dalianzhai,15,2,650,20.00%,2000,153.333,73.91%,78.26%,95.00%,18.17%,1.65%,2.00%,98.70%,0,3,3,
Nanliyue,Dongliyue,15,15,300,50.00%,2500,201.333,100.00%,66.23%,75.10%,49.87%,1.29%,0.10%,95.03%,0,0,7,
Nanliyue,Fangzhangzhuang,NA,NA,60,NA,NA,35.000,NA,NA,57.30%,15.20%,4.00%,0.57%,NA,NA,NA,NA,
Nanliyue,Fengtai,15,0.5,124,70.00%,3500,67.267,84.24%,84.24%,68.98%,28.84%,0.99%,3.67%,100.00%,0,0,1_1,
Nanliyue,Fengzhuang,15,0.5,160,50.00%,1500,53.333,100.00%,77.50%,95.00%,59.75%,3.75%,1.50%,100.00%,0,0,7,
Nanliyue,Liudazhai,12.5,1.5,270,10.00%,400,149.333,100.00%,66.52%,76.47%,37.37%,0.58%,2.37%,86.61%,0,1,1_1,
Nanliyue,Malan,10,0.1,680,95.00%,6000,253.333,100.00%,81.58%,85.63%,33.95%,3.03%,0.32%,100.00%,0,0,3,
Nanliyue,Nanliyue,10,1,200,40.00%,3600,113.333,100.00%,80.00%,56.00%,47.82%,1.71%,0.59%,100.00%,0,NA,1_1,
Nanliyue,Qizheng,15,0.2,345,80.00%,4000,89.467,100.00%,81.97%,93.89%,38.75%,10.58%,1.64%,51.56%,0,1,7,
Nanliyue,Shizhai,5,2,210,75.00%,NA,113.933,79.99%,31.60%,75.37%,59.33%,1.46%,0.29%,89.41%,0,0,3,
Nanliyue,Shunyi,12,0.5,127,80.00%,4500,73.933,90.17%,90.17%,69.61%,12.98%,1.17%,0.63%,100.00%,0,0,1_1,
Nanliyue,Taiping,13,1,335,60.00%,4000,213.333,100.00%,93.75%,36.53%,14.47%,0.72%,0.44%,100.00%,0,2,3,
Nanliyue,Wanghuzhuang,10,3,245,70.00%,7000,156.667,100.00%,65.96%,69.32%,26.21%,0.13%,0.26%,91.49%,0,0,3,
Nanliyue,Wusongzhuang,9,2.5,300,40.00%,4000,95.200,100.00%,91.04%,95.00%,56.93%,2.94%,0.98%,97.20%,0,1,7,
Nanliyue,Xiaolianzhai,12.5,1.5,145,40.00%,1500,46.800,71.23%,71.23%,69.09%,2.28%,1.42%,1.00%,100.00%,0,0,1_1,
Nanliyue,Xiaowangzhuang,13,0.3,300,8.00%,5000,93.333,100.00%,85.71%,80.93%,26.71%,0.36%,0.57%,94.29%,0,0,4,
Nanliyue,Yangjunzhi,20,2,293,50.00%,3000,133.333,100.00%,80.00%,81.30%,49.60%,0.20%,1.95%,94.00%,0,1,3,
Nanliyue,Yihe,10,1,160,75.00%,4500,100.000,100.00%,83.33%,69.60%,22.73%,1.73%,0.87%,100.00%,0,1,1_1,
Nanliyue,Yongshengcun,10,0.5,260,20.00%,4000,86.267,100.00%,100.00%,95.00%,21.79%,1.55%,0.54%,84.54%,0,2,1_1,
Nanliyue,Zhangtun,10,1,450,NA,4000,98.667,100.00%,81.08%,69.59%,6.49%,2.03%,0.41%,100.00%,0,0,1_1,
Nanliyue,Zhangxitou,10,2,400,95.00%,8000,160.000,100.00%,87.50%,77.04%,27.88%,0.38%,0.25%,87.50%,1,3,3,
Nanliyue,Zhengqingzhai,15,3,497,75.00%,1000,221.467,89.95%,69.24%,76.13%,21.94%,1.54%,0.24%,97.53%,0,1,3,
Quzhou,Balizhangzhuang,4,0.2,550,50.00%,4500,100.000,100.00%,66.67%,95.00%,4.67%,0.93%,4.40%,80.00%,0,2,4,
Quzhou,Beifu,0,0.2,151,100.00%,4000,0.000,NA,NA,NA,NA,NA,NA,NA,0,0,5,
Quzhou,Beiguan,NA,NA,196,NA,NA,52.000,NA,NA,33.20%,1.28%,0.00%,7.69%,NA,NA,NA,NA,
Quzhou,Beijie,NA,NA,244,NA,NA,80.200,NA,NA,51.40%,1.33%,0.24%,3.32%,NA,NA,NA,NA,
Quzhou,Caishang,NA,NA,465,NA,NA,218.000,NA,NA,54.60%,3.00%,0.24%,2.44%,NA,NA,NA,NA,
Quzhou,Chenzhuang,1,0.5,60,25.00%,3000,10.000,66.67%,6.67%,0.00%,NA,NA,NA,100.00%,0,0,4,
Quzhou,Chuzhuang,1.5,0.06,220,80.00%,2000,36.667,100.00%,91.82%,95.00%,7.09%,2.18%,5.27%,100.00%,0,0,1_1,
Quzhou,Dongguan,NA,NA,573,NA,NA,0.000,NA,NA,0.00%,0.00%,0.00%,0.00%,NA,NA,NA,NA,
Quzhou,Dongjie,NA,NA,1357,NA,NA,0.000,NA,NA,0.00%,0.00%,0.00%,0.00%,NA,NA,NA,NA,
Quzhou,Dongliuzhuang,2,0.2,121,100.00%,8000,68.000,100.00%,31.37%,50.69%,3.04%,NA,2.55%,0.00%,0,1,4,
Quzhou,Dongluwangzhuang,2,1,220,66.00%,5000,87.533,100.00%,45.70%,0.00%,NA,NA,NA,96.19%,0,1,4,
Quzhou,Dongniutun,1,0.05,507,10.00%,3700,166.667,100.00%,0.00%,12.44%,NA,NA,80.28%,100.00%,0,0,4,
Quzhou,Duanzhuang,4,0.5,168,55.60%,3500,60.000,100.00%,88.89%,95.00%,6.11%,2.11%,4.67%,100.00%,0,1,1_1,
Quzhou,Fanzhuang,4,0.1,230,20.00%,7000,131.333,100.00%,30.46%,42.49%,4.97%,0.20%,29.54%,89.85%,0,3,4,
Quzhou,Guanzhuang,1.5,1,176,55.00%,1200,1.667,100.00%,100.00%,85.00%,96.00%,NA,68.00%,100.00%,0,0,4,
Quzhou,Guofu,3.5,0.5,189,30.00%,5000,66.667,100.00%,8.00%,49.10%,4.10%,NA,83.50%,94.00%,0,0,4,
Quzhou,Guowangzhuang,4,0.1,100,25.00%,3000,46.667,100.00%,50.00%,0.00%,NA,NA,NA,100.00%,0,0,4,
Quzhou,Houhedong,1,0.5,500,90.00%,3500,66.667,100.00%,30.00%,95.20%,4.30%,1.10%,5.30%,32.00%,0,0,4,
Quzhou,Houpu,5,0.5,173,10.00%,2000,100.000,100.00%,33.33%,30.67%,3.67%,NA,26.33%,100.00%,0,0,4,
Quzhou,Hujinkou,4,0.2,403,50.00%,3200,213.333,100.00%,62.50%,49.38%,6.69%,0.84%,16.47%,88.44%,0,0,4,
Quzhou,Hunagzhuang,1.5,0.5,98,100.00%,3000,56.667,100.00%,0.00%,48.82%,1.88%,5.76%,2.82%,0.00%,0,2,4,
Quzhou,Huoqiao,4,0.3,252,0.00%,5000,90.000,100.00%,2.59%,54.96%,5.04%,1.56%,64.00%,100.00%,0,0,4,
Quzhou,Huozhuang,3,0.1,200,25.00%,2500,50.000,100.00%,0.80%,26.13%,0.93%,NA,96.27%,100.00%,0,1,4,
Quzhou,Jizhuang,1,0.5,400,90.00%,NA,23.333,100.00%,57.14%,85.00%,19.43%,0.86%,25.71%,85.71%,0,0,5,
Quzhou,Lintang,1,0.5,117,100.00%,3800,80.000,100.00%,62.50%,28.83%,2.50%,3.17%,2.08%,63.33%,0,1,1_1,
Quzhou,Lvpu,5,1,103,20.00%,2500,66.667,100.00%,40.00%,25.90%,5.10%,2.10%,21.20%,100.00%,0,0,4,
Quzhou,Mazhuang,4,4,667,90.00%,1500,100.000,100.00%,100.00%,96.07%,14.33%,2.13%,48.13%,100.00%,0,1,1_2,
Quzhou,Miaozhuang,6,0.3,260,40.00%,3000,166.667,100.00%,80.00%,52.44%,NA,0.60%,18.20%,90.80%,1,1,4,
Quzhou,Nanfu,1,0.1,201,100.00%,3000,2.000,0.00%,0.00%,85.00%,NA,NA,50.00%,0.00%,0,0,5,
Quzhou,Nanguan,0.5,0.5,585,100.00%,10000,6.667,100.00%,0.00%,85.00%,78.00%,4.00%,245.00%,0.00%,0,0,4,
Quzhou,Nanjie,0.5,0.05,135,89.00%,2500,20.000,100.00%,83.33%,0.00%,NA,NA,NA,0.00%,0,0,5,
Quzhou,Nanqiaokou,2,1,102,100.00%,2000,4.000,100.00%,0.00%,85.00%,16.67%,NA,115.00%,100.00%,0,0,5,
Quzhou,Nantuan,0,0.1,45,100.00%,3000,0.000,NA,NA,NA,NA,NA,NA,NA,0,0,5,
Quzhou,Nanxinzhuang,NA,NA,373,NA,NA,259.000,NA,NA,27.80%,5.19%,0.85%,14.30%,NA,NA,NA,NA,
Quzhou,Niuzhuang,NA,NA,127,NA,NA,60.000,NA,NA,34.90%,2.22%,1.33%,38.55%,NA,NA,NA,NA,
Quzhou,Pengzhuang,5,1.5,60,0.00%,4500,26.000,100.00%,20.51%,53.59%,3.59%,3.08%,40.51%,100.00%,0,0,4,
Quzhou,Qianhedong,0,0.2,460,100.00%,5000,21.200,100.00%,0.00%,81.45%,2.83%,NA,12.89%,0.00%,0,0,4,
Quzhou,Tianzhuang,2,0.05,80,75.00%,5000,10.000,100.00%,90.00%,85.00%,18.67%,18.00%,16.67%,100.00%,0,0,4,
Quzhou,Wandonglizhuang,3,0.1,355,60.00%,4000,113.333,100.00%,80.59%,95.82%,5.00%,0.47%,3.94%,98.24%,0,1,1_1,
Quzhou,Wnaiz,0.5,0.5,300,70.00%,3000,66.667,100.00%,70.00%,85.00%,5.50%,2.50%,4.70%,90.00%,0,0,1_1,
Quzhou,Wanghuzang,0,2,192,70.00%,5000,23.333,100.00%,50.00%,85.00%,NA,NA,31.71%,100.00%,0,0,1_1,
Quzhou,Xiguan,0,0.05,80,10.00%,2000,13.333,100.00%,97.50%,85.00%,5.00%,NA,16.00%,100.00%,0,0,1_1,
Quzhou,Xijie,NA,NA,562,NA,NA,0.000,NA,NA,0.00%,0.00%,0.00%,0.00%,NA,NA,NA,NA,
Quzhou,Xiliuzhuang,1.5,0.2,220,80.00%,7000,80.000,100.00%,58.33%,85.83%,4.92%,NA,3.17%,0.00%,0,3,4,
Quzhou,Xiluwangzhuang,1,0.1,154,10.00%,3500,74.933,100.00%,19.93%,0.00%,NA,NA,NA,97.33%,0,0,4,
Quzhou,Xiniutun,2.5,1,280,70.00%,2000,133.333,100.00%,30.00%,56.60%,3.15%,0.55%,37.05%,100.00%,0,1,4,
Quzhou,Xituan,NA,NA,260,NA,NA,85.000,NA,NA,42.50%,3.76%,0.00%,4.39%,NA,NA,NA,NA,
Quzhou,Xiaohedao,0.5,0.5,400,NA,8000,3.333,100.00%,0.00%,85.00%,96.00%,8.00%,162.00%,0.00%,0,0,4,
Quzhou,Youhe,6,0.1,274,95.00%,2600,106.667,100.00%,100.00%,77.13%,7.63%,0.44%,6.13%,85.00%,0,1,1_2,
Quzhou,Yuanzhuang,2,0.2,460,90.00%,10000,83.333,100.00%,48.00%,91.76%,8.00%,2.00%,6.56%,52.00%,0,0,4,
Quzhou,Yuezhuang,6,1.5,250,70.00%,3500,120.000,100.00%,55.56%,46.50%,5.89%,NA,32.00%,91.67%,1,1,4,
Quzhou,Zhangchang,NA,NA,209,NA,NA,0.000,NA,NA,0.00%,0.00%,0.00%,0.00%,NA,NA,NA,NA,
Quzhou,Zhaolizhuang,4,0.5,172,34.00%,500,13.333,100.00%,87.50%,85.00%,24.00%,NA,15.00%,100.00%,0,0,1_2,
Quzhou,Zhaozhuang,4,0.01,230,95.00%,5000,73.333,100.00%,72.73%,85.00%,8.55%,1.64%,4.45%,100.00%,0,0,1_1,
Quzhou,Zhengqiao,2,0.05,450,90.00%,5000,54.667,100.00%,48.78%,85.00%,10.73%,0.49%,10.24%,100.00%,0,0,4,
Yizhuang,Beisitou,32.5,6.5,1800,30.00%,800,533.333,100.00%,50.00%,47.50%,1.25%,0.53%,6.38%,92.50%,0,5,6,
Yizhuang,Caozhuang,30,2.5,620,50.00%,3000,353.333,90.57%,0.00%,30.19%,22.64%,0.28%,6.42%,66.04%,0,0,6,
Yizhuang,Donglaicun,30,7,420,70.00%,2500,240.000,100.00%,0.00%,33.61%,25.00%,0.44%,9.53%,97.78%,0,0,3,
Yizhuang,Dongluzhuang,35,3,530,5.50%,3200,214.000,77.88%,48.82%,54.52%,1.56%,0.31%,12.87%,100.00%,0,0,3,
Yizhuang,Hexiuzhai,35,6,565,20.00%,3000,316.667,100.00%,2.53%,31.58%,23.16%,0.63%,7.58%,87.37%,0,0,6,
Yizhuang,Junyingzhai,30,1,360,40.00%,1500,145.333,100.00%,93.12%,59.63%,2.75%,NA,8.72%,92.20%,0,0,3,
Yizhuang,Junzhai,35,3.5,209,20.00%,2000,132.467,100.00%,10.07%,30.05%,25.16%,NA,8.05%,79.87%,0,0,3,
Yizhuang,Niutuan,35,0.05,550,36.00%,5000,274.667,97.09%,7.28%,50.97%,1.94%,0.36%,9.95%,100.00%,0,0,6,
Yizhuang,Songzhuang,30,0.4,300,70.00%,3000,111.467,100.00%,64.11%,61.00%,1.79%,NA,10.77%,100.00%,0,0,3,
Yizhuang,Xilai,35,2,700,50.00%,3000,286.667,93.02%,0.00%,40.00%,19.40%,0.70%,7.91%,100.00%,0,0,6,
Yizhuang,Xiluzhaung,35,5,800,70.00%,3500,266.667,100.00%,75.00%,80.00%,2.00%,0.98%,11.50%,92.00%,0,1,6,
Yizhuang,Yizhuang,30,0.5,860,80.00%,1500,220.000,100.00%,90.91%,78.79%,1.82%,0.61%,13.33%,90.91%,0,0,6,
