country,wave,hh_id_merge,plot_id_merge,admin_1_name,region_clean,main_crop,plot_area_GPS,farm_size,age_manager,female_manager,formal_education_manager,primary_education_manager,married_manager,fert_user,inorganic_fertilizer,nitrogen_kg,nitrogen_kg_per_ha,organic_fertilizer,improved,used_pesticides,irrigated,harvest_kg,yield_kg_per_ha,total_family_labor_days,total_hired_labor_days,family_labor_d_per_ha,intercropped,drought_shock,pests_shock,flood_shock,crop_shock,dist_popcenter,elevation,plot_owned
Nigeria,4,190177,190177-6,3. North West,North West,SORGHUM,0.082419,0.34554900000000005,66.0,0,1,0,1,1,1,5.0,60.665623217947314,,,,0,100.0,1213.3124643589463,30.0,2.0,363.9937393076839,0,0.0,0.0,0.0,0.0,17.2,452.0,1
Nigeria,4,59071,59071-1,2. North East,North East,BEANS AND OTHER LEGUMES,2.3281,3.5137,80.0,0,1,0,1,1,1,49.5,21.26197328293458,,,,0,720.0,309.2650659335939,254.0,44.0,109.10184270435118,1,0.0,0.0,0.0,0.0,10.8,452.0,1
Nigeria,4,59164,59164-2,2. North East,North East,SORGHUM,1.2773,2.288522,53.0,0,1,1,1,1,1,46.0,36.0134659046426,,,,0,849.7200012207031,665.24700635771,1070.0,0.0,837.7045329992953,1,0.0,1.0,0.0,0.0,10.6,637.0,1
Nigeria,4,349061,349061-1,2. North East,North East,MAIZE,2.5935,3.52998,53.0,0,1,1,1,1,1,11.5,4.434162328899171,,,,1,1000.0,385.579332947754,2358.0,0.0,909.1960670908039,0,0.0,0.0,0.0,0.0,12.6,257.0,0
Nigeria,4,49133,49133-1,4. South East,South East,RICE,0.66955,2.1871970000000003,45.0,0,1,1,1,1,1,43.0,64.22223881711598,,,,0,3000.0,4480.621312822045,58.0,40.0,86.6253453812262,0,0.0,0.0,0.0,0.0,26.4,37.0,1
Nigeria,4,59153,59153-2,2. North East,North East,SORGHUM,0.91585,1.78681,67.0,0,1,0,1,1,1,21.5,23.475459955232843,,,,0,1300.0,1419.4464158977999,2551.0,52.0,2785.3906207348364,1,0.0,0.0,0.0,0.0,3.6,411.0,1
Nigeria,4,19193,19193-2,4. South East,South East,TUBERS / ROOT CROPS,0.9003500000000001,1.7538900000000002,42.0,0,1,1,1,1,1,46.0,51.09124229466318,,,,0,1250.0,1388.348975398456,194.0,745.0,215.47176098184036,0,,,,0.0,16.0,34.0,0
Nigeria,4,219001,219001-1,3. North West,North West,MILLET,0.40018000000000004,0.40018000000000004,10.0,0,1,0,,1,1,69.0,172.422409915538,,,,0,400.0,999.5502024089159,98.0,54.0,244.8897995901844,1,0.0,1.0,0.0,1.0,25.2,,1
Nigeria,4,80107,80107-6,2. North East,North East,MAIZE,0.5673100000000001,4.900594,42.0,1,1,1,1,1,1,11.5,20.2711039819499,,,,0,400.0,705.08187763304,936.0,0.0,1649.8915936613137,0,0.0,0.0,0.0,0.0,2.3,,0
Nigeria,4,329095,329095-6,5. South South,South South,TUBERS / ROOT CROPS,0.059116,2.022096,69.0,1,1,0,0,1,1,69.0,,,,,0,350.0,5920.5629609581165,28.0,49.0,473.64503687664927,1,,,,0.0,6.5,20.0,1
Nigeria,4,329055,329055-1,5. South South,South South,TUBERS / ROOT CROPS,0.20321,1.019346,48.0,1,1,1,0,1,1,3.2,15.747256532650953,,,,0,1100.0,5413.119433098765,106.0,24.0,521.6278726440628,0,0.0,0.0,0.0,0.0,3.2,18.0,0
Nigeria,4,190174,190174-1,3. North West,North West,SORGHUM,0.23521,0.334725,42.0,1,1,0,0,1,1,3.311999912261963,14.081033596624136,,,,0,406.61499977111816,1728.7317706352542,28.0,24.0,119.0425577143829,1,0.0,0.0,0.0,0.0,17.2,453.0,1
Nigeria,4,19089,19089-2,4. South East,South East,MAIZE,0.28581,0.505803,62.0,1,1,1,0,1,1,46.0,160.94608306217415,,,,0,45.0,157.4472551695182,27.0,64.0,94.46835310171092,0,0.0,0.0,0.0,0.0,21.6,,0
Nigeria,4,169059,169059-5,4. South East,South East,TUBERS / ROOT CROPS,0.053471000000000005,0.344858,55.0,1,1,0,0,1,1,5.0,93.50863084662714,,,,0,269.29500007629395,5036.28135019532,46.0,0.0,860.2794037889696,1,0.0,1.0,0.0,0.0,76.5,169.0,1
Nigeria,4,329055,329055-4,5. South South,South South,TUBERS / ROOT CROPS,0.26344,1.019346,48.0,1,1,1,0,1,1,3.2,12.146978439113271,,,,0,750.0,2846.948071667173,84.0,21.0,318.85818402672334,0,,,,0.0,3.2,18.0,0
Nigeria,4,29020,29020-2,2. North East,North East,MAIZE,0.25526,5.5059000000000005,38.0,1,1,1,0,1,1,10.0,39.175742380318106,,,,0,1800.0,7051.63362845726,428.0,12.0,1676.721773877615,0,0.0,0.0,0.0,0.0,15.8,466.0,0
Nigeria,4,50165,50165-2,2. North East,North East,MILLET,0.35581,1.01898,42.0,1,0,0,0,1,1,4.788600039482117,13.458306510446915,,,,0,1500.0,4215.73311598887,168.0,27.0,472.1621089907535,1,0.0,0.0,0.0,0.0,5.0,369.0,1
Nigeria,4,150064,150064-2,2. North East,North East,MAIZE,0.48045000000000004,7.2097500000000005,63.0,1,0,0,0,1,1,86.0,178.99885523987928,,,,0,1700.0,3538.349464044125,880.0,36.0,1831.616193152253,1,0.0,0.0,0.0,0.0,21.8,505.0,1
Nigeria,4,80106,80106-2,2. North East,North East,MAIZE,0.8292700000000001,1.64531,43.0,1,0,0,0,1,1,46.0,55.47047403137699,,,,0,1300.0,1567.6438313215235,42.0,6.0,50.64695455038768,0,0.0,0.0,0.0,0.0,2.3,262.0,1
Nigeria,4,169020,169020-1,4. South East,South East,TUBERS / ROOT CROPS,0.05630700000000001,0.31783000000000006,80.0,1,0,0,0,1,1,2.0,35.51956239899124,,,,0,118.0,2095.654181540483,40.0,,710.3912479798248,1,0.0,0.0,0.0,0.0,0.9,146.0,1
Nigeria,4,200165,200165-4,3. North West,North West,BEANS AND OTHER LEGUMES,0.28792,1.25799,46.0,1,0,0,0,1,1,10.0,34.73186996387886,,,,0,310.0,1076.6879688802444,22.0,10.0,76.41011392053348,1,0.0,0.0,0.0,0.0,22.9,524.0,1
Nigeria,4,210039,210039-1,3. North West,North West,RICE,1.3772,1.3772,50.0,1,0,0,0,1,1,1.6559999561309815,1.2024397009373957,,,,1,1600.0,1161.7775196049956,325.0,24.0,235.98605866976473,0,0.0,0.0,0.0,0.0,28.4,493.0,1
Nigeria,4,19062,19062-1,4. South East,South East,MAIZE,0.12455000000000001,0.38925,60.0,1,0,0,0,1,1,10.0,80.28904054596548,,,,0,54.0,433.5608189482135,121.0,36.0,971.4973906061822,1,0.0,0.0,0.0,1.0,17.9,54.0,1
Nigeria,4,189048,189048-1,3. North West,North West,MAIZE,0.30987,0.60881,65.0,1,0,0,1,1,1,24.441999673843384,78.87823820906634,,,,0,589.0300011634827,1900.8939270128851,614.0,3.0,1981.4761028818539,1,0.0,0.0,0.0,0.0,25.0,655.0,1
Nigeria,4,310097,310097-1,1. North Central,North Central,MAIZE,0.089588,1.662648,46.0,0,0,0,1,1,1,10.0,111.62209224449703,,,,0,250.0,2790.552306112426,174.0,,1942.2244050542483,1,0.0,0.0,0.0,0.0,13.1,188.0,1
Nigeria,4,319083,319083-3,1. North Central,North Central,RICE,0.5772700000000001,1.26721,50.0,0,0,0,1,1,1,31.5,54.5671869315918,,,,0,1000.0,1732.2916486219617,183.0,11.0,317.009371697819,0,0.0,0.0,0.0,0.0,29.8,180.0,1
Nigeria,4,209006,209006-2,3. North West,North West,MAIZE,0.14351,0.52675,40.0,0,0,0,1,1,1,33.0,229.94913246463662,,,,0,180.0,1254.2679952616543,148.0,71.0,1031.2870183262492,0,0.0,0.0,1.0,0.0,18.1,437.0,1
Nigeria,4,199051,199051-4,3. North West,North West,RICE,0.20643000000000003,1.357426,33.0,0,0,0,1,1,1,115.0,,,,,1,1500.0,7266.385699752942,71.0,104.0,343.9422564549726,0,0.0,0.0,0.0,0.0,21.8,432.0,1
Nigeria,4,209009,209009-2,3. North West,North West,MAIZE,0.83663,3.85889,64.0,0,0,0,1,1,1,66.0,78.88791939088964,,,,0,920.0,1099.6497854487648,92.0,9.0,109.96497854487647,1,0.0,0.0,0.0,0.0,18.1,438.0,1
Nigeria,4,310082,310082-2,1. North Central,North Central,RICE,0.55108,2.49458,39.0,0,0,0,1,1,1,10.0,18.146185671771793,,,,0,400.0,725.8474268708717,331.0,,600.6387457356464,0,0.0,0.0,0.0,0.0,5.3,291.0,1
Nigeria,4,319010,319010-5,1. North Central,North Central,MAIZE,0.28065,2.2231280000000004,52.0,0,0,0,1,1,1,33.0,117.58417958311063,,,,0,250.0,890.7892392659896,350.0,14.0,1247.1049349723855,0,0.0,0.0,0.0,0.0,7.5,830.0,1
Nigeria,4,190139,190139-4,3. North West,North West,BEANS AND OTHER LEGUMES,0.24993000000000004,1.9617200000000001,59.0,0,0,0,1,1,1,33.0,132.03697035169844,,,,0,550.0,2200.6161725283077,741.0,26.0,2964.8301524426834,1,0.0,0.0,0.0,0.0,7.4,497.0,1
Nigeria,4,199093,199093-2,3. North West,North West,MAIZE,0.26754,2.4629920000000003,45.0,0,1,1,1,1,1,56.0,209.31449502878075,,,,0,1000.0,3737.758839799656,1002.0,8.0,3745.2343574792553,0,0.0,0.0,1.0,0.0,4.2,561.0,1
Nigeria,4,179086,179086-2,3. North West,North West,MILLET,0.8969600000000001,0.9672460000000002,62.0,0,1,1,1,1,1,10.0,11.14876917588298,,,,0,348.0399990081787,388.02176129167265,1323.0,81.0,1474.9821619693184,1,0.0,1.0,0.0,0.0,5.4,391.0,1
Nigeria,4,190197,190197-4,3. North West,North West,MAIZE,0.22814,0.6626770000000001,51.0,0,1,1,1,1,1,30.0,131.49820285789426,,,,0,1200.0,5259.9281143157705,369.0,6.0,1617.4278951520996,1,0.0,0.0,0.0,0.0,14.5,504.0,1
Nigeria,4,179065,179065-2,3. North West,North West,MILLET,0.5575300000000001,0.66354,55.0,0,1,0,0,0,0,0.0,0.0,,,,1,906.3000001907349,1625.5627503286544,550.0,6.0,986.4940003228525,1,1.0,0.0,0.0,0.0,42.7,420.0,1
Nigeria,4,339045,339045-2,3. North West,North West,MILLET,0.10027000000000001,0.5468600000000001,43.0,0,1,0,1,0,0,0.0,0.0,,,,0,200.0,1994.6145407400018,45.0,23.0,448.7882716665004,1,0.0,0.0,0.0,1.0,31.9,281.0,1
Nigeria,4,179079,179079-2,3. North West,North West,SORGHUM,1.3566,2.32524,55.0,0,1,0,1,0,0,0.0,0.0,,,,0,1400.0,1031.9917440660474,1041.0,0.0,767.359575409111,1,0.0,0.0,0.0,0.0,20.2,356.0,1
Nigeria,4,190085,190085-4,3. North West,North West,BEANS AND OTHER LEGUMES,0.5515,1.1553200000000001,60.0,0,1,1,1,0,0,0.0,0.0,,,,0,600.0,1087.941976427924,336.0,0.0,609.2475067996373,1,0.0,0.0,0.0,0.0,19.5,452.0,1
Nigeria,4,79023,79023-5,1. North Central,North Central,TUBERS / ROOT CROPS,0.054879,1.508104,45.0,0,1,1,1,0,0,0.0,0.0,,,,0,1805.186054468155,,382.0,0.0,6960.768235572806,1,0.0,0.0,0.0,0.0,2.2,110.0,1
Nigeria,4,59176,59176-4,2. North East,North East,BEANS AND OTHER LEGUMES,0.75343,3.7465010000000003,25.0,0,1,1,1,0,0,0.0,0.0,,,,0,600.0,796.3579894615292,87.0,30.0,115.47190847192174,0,0.0,0.0,0.0,0.0,13.8,670.0,1
Nigeria,4,339032,339032-7,3. North West,North West,BEANS AND OTHER LEGUMES,0.25487,3.21191,72.0,0,1,0,1,0,0,0.0,0.0,,,,0,0.0,0.0,28.0,,109.85992859104643,1,,,,1.0,25.5,,1
Nigeria,4,229035,229035-1,1. North Central,North Central,TUBERS / ROOT CROPS,0.09204400000000001,0.6566430000000001,42.0,0,1,0,1,0,0,0.0,0.0,,,,0,1477.4999618530273,,461.0,13.0,5008.474207987483,0,0.0,0.0,0.0,0.0,7.5,105.0,1
Nigeria,4,69048,69048-5,5. South South,South South,TUBERS / ROOT CROPS,0.070301,0.43198400000000003,64.0,1,1,0,1,0,0,0.0,0.0,,,,0,161.71499633789062,2300.3228451642312,218.0,15.0,3100.951622309782,0,0.0,0.0,0.0,0.0,0.2,22.0,1
Nigeria,4,10073,10073-1,4. South East,South East,TUBERS / ROOT CROPS,0.059422,0.104396,55.0,1,1,1,0,0,0,0.0,0.0,,,,0,483.779691696167,,304.0,78.0,5115.950321429773,1,0.0,0.0,0.0,0.0,12.3,230.0,1
Nigeria,4,29189,29189-1,2. North East,North East,BEANS AND OTHER LEGUMES,1.258,2.4305000000000003,44.0,1,1,1,0,0,0,0.0,0.0,,,,0,161.61799955368042,128.47217770562833,10.0,26.0,7.94912559618442,1,0.0,0.0,0.0,1.0,1.2,282.0,0
Nigeria,4,259004,259004-6,1. North Central,North Central,OTHER,0.9227299999999999,3.74348,45.0,1,1,1,1,0,0,0.0,0.0,,,,0,1500.0,1625.6109587853437,0.0,6.0,0.0,0,0.0,0.0,0.0,0.0,23.6,95.0,0
Nigeria,4,329088,329088-3,5. South South,South South,TUBERS / ROOT CROPS,0.19504000000000002,1.6658410000000001,47.0,1,1,1,0,0,0,0.0,0.0,,,,0,750.0,3845.365053322395,138.0,12.0,707.5471698113207,0,,,,0.0,6.5,21.0,0
Nigeria,4,19164,19164-2,4. South East,South East,TUBERS / ROOT CROPS,0.29048,1.018075,71.0,1,1,0,0,0,0,0.0,0.0,,,,0,500.9599999785423,1724.5937757454637,217.0,4.0,747.0393830900578,1,0.0,1.0,0.0,0.0,14.9,48.0,0
Nigeria,4,39079,39079-4,5. South South,South South,TUBERS / ROOT CROPS,0.052312000000000004,0.52857,40.0,1,1,1,0,0,0,0.0,0.0,,,,0,12.5,238.95090992506496,28.0,0.0,535.2500382321456,0,0.0,0.0,0.0,0.0,4.6,41.0,1
Nigeria,4,330061,330061-3,3. North West,North West,BEANS AND OTHER LEGUMES,0.29396,3.07032,61.0,1,1,0,0,0,0,0.0,0.0,,,,0,400.0,1360.7293509320996,16.0,21.0,54.429174037283985,1,0.0,0.0,0.0,0.0,24.6,338.0,1
Nigeria,4,79142,79142-2,1. North Central,North Central,TUBERS / ROOT CROPS,0.08093,0.18279,58.0,1,0,0,0,0,0,0.0,0.0,,,,0,700.8000183105469,,40.0,28.0,494.25429383417764,1,0.0,0.0,0.0,0.0,21.7,205.0,1
Nigeria,4,119010,119010-1,4. South East,South East,TUBERS / ROOT CROPS,0.15761,0.61032,69.0,1,0,0,0,0,0,0.0,0.0,,,,0,2935.980026245117,,68.0,16.0,431.44470528519764,1,0.0,0.0,0.0,0.0,17.0,70.0,1
Nigeria,4,379079,379079-4,1. North Central,North Central,BEANS AND OTHER LEGUMES,0.49408,4.78734,48.0,1,0,0,1,0,0,0.0,0.0,,,,0,600.0,1214.3782383419689,128.0,0.0,259.0673575129534,1,0.0,0.0,0.0,0.0,25.5,180.0,1
Nigeria,4,80110,80110-3,2. North East,North East,BEANS AND OTHER LEGUMES,0.59394,4.048903,47.0,1,0,0,0,0,0,0.0,0.0,,,,0,300.0,505.1015254066067,90.0,0.0,151.530457621982,0,0.0,0.0,0.0,0.0,2.3,267.0,1
Nigeria,4,99098,99098-4,5. South South,South South,TUBERS / ROOT CROPS,0.14935,0.37145000000000006,80.0,1,0,0,0,0,0,0.0,0.0,,,,0,656.8950080871582,4398.359612234069,76.0,30.0,508.87177770338127,1,,,,0.0,44.7,58.0,1
Nigeria,4,129044,129044-2,5. South South,South South,TUBERS / ROOT CROPS,0.9381600000000001,4.471863000000001,46.0,1,0,0,1,0,0,0.0,0.0,,,,0,200.0,213.18325232369742,81.0,87.0,86.33921719109746,0,,,,0.0,1.2,329.0,1
Nigeria,4,29005,29005-1,2. North East,North East,MAIZE,0.47241000000000005,0.87632,45.0,1,0,0,0,0,0,0.0,0.0,,,,0,300.0,635.0415952244871,45.0,0.0,95.25623928367307,0,0.0,0.0,0.0,0.0,19.0,246.0,0
Nigeria,4,29100,29100-2,2. North East,North East,BEANS AND OTHER LEGUMES,0.9178200000000001,2.41414,60.0,1,0,0,0,0,0,0.0,0.0,,,,0,1000.0,1089.5382536880868,24.0,36.0,26.148918088514087,0,0.0,0.0,0.0,0.0,15.6,333.0,1
Nigeria,4,379092,379092-2,1. North Central,North Central,OTHER,0.07788400000000001,5.315284,30.0,0,0,0,1,0,0,0.0,0.0,,,,0,100.0,1283.9607621591083,185.0,0.0,2375.32740999435,0,0.0,0.0,0.0,0.0,7.0,152.0,1
Nigeria,4,379093,379093-2,1. North Central,North Central,MAIZE,0.98413,1.2418399999999998,27.0,0,0,0,1,0,0,0.0,0.0,,,,0,600.0,609.6755509942792,705.0,18.0,716.3687724182781,1,0.0,0.0,0.0,0.0,7.0,133.0,1
Nigeria,4,79020,79020-1,1. North Central,North Central,TUBERS / ROOT CROPS,0.56204,1.250082,50.0,0,0,0,1,0,0,0.0,0.0,,,,0,230.0479907989502,409.3089296116828,260.0,72.0,462.60052665290726,1,0.0,0.0,0.0,0.0,2.2,167.0,1
Nigeria,4,59112,59112-3,2. North East,North East,MAIZE,0.55971,1.21821,30.0,0,0,0,1,0,0,0.0,0.0,,,,0,1180.0,2108.2346215004195,342.0,30.0,611.0307123331725,1,0.0,0.0,0.0,0.0,9.8,552.0,1
Nigeria,4,309060,309060-1,6. South West,South West,MAIZE,0.7538600000000001,0.7538600000000001,50.0,0,0,0,1,0,0,0.0,0.0,,,,0,800.0,1061.2049982755418,235.0,60.0,311.72896824344036,1,0.0,0.0,0.0,0.0,58.4,350.0,0
Nigeria,4,309087,309087-1,6. South West,South West,TUBERS / ROOT CROPS,0.60875,1.07802,30.0,0,0,0,1,0,0,0.0,0.0,,,,0,2500.0,4106.776180698152,62.0,140.0,101.84804928131416,0,0.0,0.0,0.0,0.0,77.8,321.0,0
Nigeria,4,79068,79068-1,1. North Central,North Central,TUBERS / ROOT CROPS,0.07924700000000001,0.9274070000000001,65.0,0,0,0,1,0,0,0.0,0.0,,,,0,1595.6999588012695,,288.0,6.0,3634.206973134629,0,0.0,0.0,0.0,0.0,35.8,137.0,1
Nigeria,4,239184,239184-5,1. North Central,North Central,RICE,0.37827,6.291569999999999,47.0,0,0,0,1,0,0,0.0,0.0,,,,0,1500.0,3965.421524308034,162.0,36.0,428.2655246252677,0,0.0,0.0,1.0,0.0,4.1,,1
Nigeria,4,50035,50035-4,2. North East,North East,SORGHUM,1.705,7.691147000000001,32.0,0,1,0,1,0,0,0.0,0.0,,,,0,1500.0,879.7653958944281,310.0,120.0,181.8181818181818,0,0.0,0.0,0.0,0.0,18.9,472.0,1
Nigeria,4,109020,109020-2,5. South South,South South,TUBERS / ROOT CROPS,0.50078,0.529891,76.0,1,0,0,1,0,0,0.0,0.0,,,,0,7500.0,,1180.0,12.0,2356.3241343504133,0,,,,0.0,3.9,34.0,0
Nigeria,4,379109,379109-2,1. North Central,North Central,TUBERS / ROOT CROPS,1.0749,2.35503,63.0,0,1,1,0,0,0,0.0,0.0,,,,0,8645.999908447266,,60.0,160.0,55.8191459670667,0,,,,0.0,7.3,,1
Ethiopia,3,040410088800701023,0404100070102302-3-3,Oromia,Oromia,MAIZE,0.852405,3.9897299999999998,48.0,1,0,0,1,1,1,480.205,,,,,0,1400.0,1642.4117643608379,22.0,64.0,25.80932772567031,0,0.0,0.0,0.0,1.0,26.0,1800.0,1
Ethiopia,3,010102088801403011,0101020140301101-2-3,Tigray,Tigray,OTHER,0.209785,1.5326520000000003,57.0,1,0,0,0,1,1,6.38,30.41208856686608,,,,0,200.0,953.3570083657078,68.0,0.0,324.1413828443406,0,0.0,0.0,0.0,1.0,19.0,1778.0,1
Ethiopia,3,010404088800103107,0104040010310701-1-2,Tigray,Tigray,MAIZE,0.051250000000000004,0.307513,35.0,1,0,0,0,1,1,4.4,85.85365853658537,,,,0,115.5,2253.6585365853657,16.0,0.0,312.1951219512195,0,1.0,0.0,0.0,1.0,32.0,2339.0,1
Ethiopia,3,070105088802502034,0701050250203401-1-7,SNNP,SNNP,MAIZE,0.07863,1.4309600000000002,76.0,1,0,0,0,1,1,1.7999999999999998,22.892025944296066,,,,0,20.0,254.35584382551187,6.0,0.0,76.30675314765357,0,1.0,,0.0,1.0,20.0,1880.0,1
Ethiopia,3,071003088801001155,0710030100115501-3-2,SNNP,SNNP,PERENNIAL/FRUIT,0.11037000000000001,1.1900600000000001,43.0,1,0,0,1,1,1,1.1400000000000001,10.32889372111987,,,,0,69.5,629.7000996647639,8.0,0.0,72.48346470961312,0,1.0,0.0,0.0,1.0,42.0,1427.0,1
Ethiopia,3,041108088801402150,0411080140215002-1-2,Oromia,Oromia,BARLEY,0.16734000000000002,2.8407850000000003,57.0,1,0,0,0,1,1,4.1,24.50101589578104,,,,0,191.8000030517578,1146.1694935565781,19.0,0.0,113.54129317557069,0,1.0,0.0,0.0,1.0,68.0,2049.0,1
Ethiopia,3,040410088800701002,0404100070100201-5-4,Oromia,Oromia,MAIZE,0.19876,4.134194,57.0,1,0,0,0,1,1,10.598400192260742,53.32260108804962,,,,0,800.0,4024.9547192594086,6.0,6.0,30.187160394445563,0,1.0,0.0,0.0,1.0,26.0,1815.0,1
Ethiopia,3,070302088800501037,0703020050103701-1-8,SNNP,SNNP,MAIZE,0.072642,0.789103,70.0,1,0,0,0,1,1,1.8199999999999998,25.054376256160346,,,,0,75.0,1032.4605600066077,18.0,0.0,247.79053440158586,0,1.0,,0.0,1.0,17.0,1974.0,1
Ethiopia,3,070210088801401057,0702100140105702-1-12,SNNP,SNNP,WHEAT,0.15549400000000002,0.63043,25.0,1,1,0,0,1,1,9.92,63.79667382664282,,,,0,200.0,1286.2232626339278,50.0,0.0,321.55581565848195,0,0.0,0.0,0.0,0.0,22.0,2045.0,1
Ethiopia,3,070210088801401039,0702100140103901-3-1,SNNP,SNNP,OTHER,0.216792,1.210948,46.0,1,1,1,1,1,1,6.800000000000001,31.366471087494006,,,,0,73.09100341796875,337.14806550965324,9.0,4.0,41.51444702756559,0,0.0,0.0,0.0,0.0,22.0,2033.0,1
Ethiopia,3,041302088801103147,0413020110314701-3-1,Oromia,Oromia,OTHER,0.23965,0.9967700000000002,34.0,1,1,0,0,1,1,10.780000000000001,44.98226580429794,,,,0,200.0,834.5503859795535,37.0,200.0,154.3918214062174,0,0.0,0.0,0.0,0.0,18.0,2544.0,0
Ethiopia,3,030307088801002138,0303070100213802-1-2,Amhara,Amhara,SORGHUM,0.064972,0.30021600000000004,27.0,1,1,0,1,1,1,8.34,128.3629871329188,,,,1,227.0,3493.8127193252476,58.0,0.0,892.6922366557901,0,1.0,0.0,0.0,1.0,16.0,2247.0,1
Ethiopia,3,040106088801302064,0401060130206401-4-4,Oromia,Oromia,OTHER,0.061165000000000004,3.7374549999999997,52.0,1,1,0,0,1,1,0.8999999999999999,14.714297392299516,,,,0,32.55000114440918,532.1671077316959,15.0,0.0,245.23828987165862,0,0.0,0.0,0.0,0.0,35.0,1980.0,1
Ethiopia,3,040712088802302050,0407120230205001-1-3,Oromia,Oromia,MAIZE,0.12319000000000002,2.37128,60.0,1,1,0,0,1,1,10.7,86.85769948859483,,,,0,100.0,811.7542008279892,48.0,0.0,389.6420163974348,0,1.0,,0.0,1.0,25.0,1914.0,1
Ethiopia,3,010301088800204032,0103010020403201-4-1,Tigray,Tigray,WHEAT,0.072608,0.23511700000000002,40.0,1,1,0,0,1,1,1.7999999999999998,24.790656676950192,,,,0,61.16699981689453,842.42782912206,13.0,0.0,179.04363155575143,0,1.0,,0.0,1.0,22.0,2104.0,
Ethiopia,3,041707088800204111,0417070020411101-2-1,Oromia,Oromia,WHEAT,1.0878,1.7746840000000002,41.0,1,1,0,0,1,1,9.5,8.733223018937304,,,,0,1916.75,1762.0426548997975,35.0,1.0,32.17503217503217,0,0.0,0.0,0.0,1.0,5.0,2469.0,1
Ethiopia,3,040704088801002038,0407040100203801-9-1,Oromia,Oromia,OTHER,0.6410300000000001,2.5236100000000006,32.0,0,1,0,1,1,1,158.18,246.75912203797012,,,,0,316.79998779296875,494.2046203656127,67.0,0.0,104.51928926883295,0,1.0,0.0,0.0,1.0,14.0,2055.0,0
Ethiopia,3,040508088803103064,0405080310306401-1-4,Oromia,Oromia,MAIZE,0.1044,1.147075,42.0,0,1,0,1,1,1,7.7700000000000005,74.42528735632185,,,,0,400.0,3831.4176245210724,17.0,0.0,162.8352490421456,0,0.0,0.0,0.0,0.0,45.0,1643.0,1
Ethiopia,3,041409088800501055,0414090050105501-2-1,Oromia,Oromia,BARLEY,2.2863,6.780685999999999,36.0,0,1,0,1,1,1,18.0,7.8729825482220175,,,,0,1200.0,524.8655032148012,24.0,14.0,10.497310064296023,0,0.0,0.0,0.0,0.0,41.0,2608.0,
Ethiopia,3,010106088800402039,0101060040203901-8-2,Tigray,Tigray,MILLET,0.064747,1.8927630000000002,34.0,0,1,0,1,1,1,3.8400000000000003,59.307767155235,,,,0,35.0,540.565586050319,19.0,1.0,293.4498895701731,0,0.0,0.0,0.0,0.0,54.0,1312.0,0
Ethiopia,3,040113088800501016,0401130050101603-3-1,Oromia,Oromia,MAIZE,0.1067,3.851281,20.0,0,1,0,0,1,1,580.2763000869751,,,,,0,400.0,3748.828491096532,89.0,6.0,834.1143392689784,0,0.0,0.0,0.0,0.0,25.0,1598.0,1
Ethiopia,3,060204088800402200,0602040040220001-8-1,Benshagul Gumuz,Benshagul Gumuz,MAIZE,0.51378,2.3107450000000003,24.0,0,1,1,1,1,1,32.0,62.283467632060415,,,,0,1500.0,2919.537545252832,36.0,0.0,70.06890108606797,0,0.0,0.0,0.0,1.0,22.0,1224.0,0
Ethiopia,3,041901088800103002,0419010010300201-8-1,Oromia,Oromia,OTHER,0.23801999999999998,3.6064100000000003,46.0,0,1,1,1,1,1,3.8,15.96504495420553,,,,0,158.39999389648438,665.4902692903302,11.0,6.0,46.214603814805486,0,0.0,0.0,0.0,1.0,90.0,2388.0,0
Ethiopia,3,041901088800103137,0419010010313701-1-2,Oromia,Oromia,OTHER,0.572485,3.710700000000001,52.0,0,1,0,1,1,1,4.75,8.297160624295833,,,,0,791.9999694824219,1383.442307628011,18.0,0.0,31.44187183943684,0,0.0,0.0,0.0,1.0,87.0,2439.0,1
Ethiopia,3,030202088802508131,0302020250813101-9-1,Amhara,Amhara,RICE,0.24651,1.7024670000000002,58.0,0,0,0,1,1,1,4.6000000000000005,18.660500588211434,,,,0,200.0,811.3261125309318,122.0,0.0,494.90892864386836,0,0.0,0.0,0.0,0.0,18.0,1828.0,1
Ethiopia,3,071003088801001076,0710030100107601-1-6,SNNP,SNNP,OTHER,0.10937000000000001,2.737,49.0,0,0,0,1,1,1,0.778999981880188,7.1226111537001735,,,,0,0.0,0.0,13.0,0.0,118.86257657492914,0,1.0,,0.0,1.0,43.0,1501.0,1
Ethiopia,3,030202088802508005,0302020250800501-6-3,Amhara,Amhara,PERENNIAL/FRUIT,0.119205,1.0790080000000002,30.0,0,0,0,1,1,1,3.54,29.696740908518937,,,,0,200.0,1677.7819722327083,29.0,0.0,243.2783859737427,0,0.0,0.0,0.0,0.0,18.0,1833.0,0
Ethiopia,3,030308088801617115,0303080161711501-3-1,Amhara,Amhara,OTHER,0.6924300000000001,2.2456500000000004,46.0,0,0,0,1,1,1,13.030999927520753,18.819230720102755,,,,0,197.3580093383789,285.0223262111389,34.0,76.0,49.1024363473564,0,1.0,0.0,0.0,1.0,16.0,1635.0,1
Ethiopia,3,072101088806202041,0721010620204101-1-6,SNNP,SNNP,MAIZE,0.135775,1.7902900000000002,40.0,0,0,0,1,1,1,6.800000000000001,50.082857668937585,,,,0,204.5,1506.1682931320197,34.0,0.0,250.4142883446879,0,1.0,0.0,0.0,1.0,6.0,1802.0,1
Ethiopia,3,030511088800307184,0305110030718401-9-1,Amhara,Amhara,BEANS AND OTHER LEGUMES,0.14466500000000002,0.95198,30.0,0,0,0,1,1,1,4.75,32.83447965990391,,,,0,181.6889991760254,1255.9292100786324,6.0,0.0,41.47513220198389,0,0.0,0.0,0.0,0.0,28.0,2732.0,0
Ethiopia,3,040605088801004033,0406050100403301-8-1,Oromia,Oromia,WHEAT,0.15884,2.368483,30.0,0,0,0,1,1,1,1.84,11.583983883152857,,,,0,310.0,1951.6494585746661,6.0,2.0,37.77386048854193,0,0.0,0.0,0.0,1.0,6.0,3072.0,0
Ethiopia,3,030713088801304150,0307130130415001-2-1,Amhara,Amhara,MAIZE,0.49599,2.9120300000000006,57.0,0,0,0,1,1,1,35.16,70.88852597834634,,,,0,400.0,806.4678723361359,62.0,0.0,125.00252021210106,0,0.0,0.0,0.0,1.0,15.0,1999.0,1
Ethiopia,3,030308088801617088,0303080161708804-7-1,Amhara,Amhara,SORGHUM,0.12054000000000001,2.43222,39.0,0,0,0,1,1,1,1859.0,,,,,0,56.75,470.798075327692,48.0,0.0,398.2080637132902,0,1.0,0.0,0.0,1.0,16.0,1701.0,0
Ethiopia,3,040712088802302110,0407120230211001-5-1,Oromia,Oromia,OTHER,0.74219,5.07868,53.0,0,0,0,1,1,1,21.0,28.294641533839044,,,,0,554.3999786376953,746.978507710553,69.0,3.0,92.96810789689971,0,1.0,,0.0,1.0,25.0,1914.0,0
Ethiopia,3,030602088802603108,0306020260310801-2-2,Amhara,Amhara,MAIZE,0.24000000000000002,2.8277860000000006,38.0,1,0,0,1,1,1,27.75,115.62499999999999,,,,0,706.2839813232422,2942.8499221801753,21.0,2.0,87.5,0,0.0,0.0,0.0,0.0,27.0,2559.0,1
Ethiopia,3,040901088800304120,0409010030412001-4-3,Oromia,Oromia,SORGHUM,0.18473,7.172875,36.0,0,0,0,1,0,1,0.0,0.0,,,,0,0.0,0.0,6.0,0.0,32.47983543550046,0,1.0,,0.0,1.0,69.0,1210.0,1
Ethiopia,3,020306088800601062,0203060060106201-2-1,Afar,Afar,SORGHUM,0.8144600000000001,0.8624900000000001,42.0,0,0,0,1,0,0,0.0,0.0,,,,0,100.0,122.7807381577978,62.0,0.0,76.12405765783463,0,1.0,0.0,0.0,1.0,37.0,1509.0,1
Ethiopia,3,030108088800701005,0301080070100501-2-2,Amhara,Amhara,MAIZE,0.10661500000000002,1.8266250000000004,59.0,0,0,0,1,0,0,0.0,0.0,,,,0,174.46400451660156,1636.3926700426914,15.0,0.0,140.69314824368053,0,0.0,0.0,0.0,1.0,28.0,1455.0,1
Ethiopia,3,030108088800701140,0301080070114001-1-1,Amhara,Amhara,PERENNIAL/FRUIT,0.20381500000000002,2.5003990000000003,76.0,0,0,0,1,0,1,0.0,0.0,,,,0,24.128000497817993,118.38186835030783,20.0,0.0,98.12820449917817,1,0.0,0.0,0.0,1.0,24.0,1856.0,1
Ethiopia,3,050202088801001047,0502020100104701-2-1,Somalie,Somalie,MAIZE,0.29513000000000006,1.2786870000000001,53.0,0,0,0,1,0,0,0.0,0.0,,,,0,312.8919982910156,1060.1836420933676,64.0,0.0,216.85358994341473,1,1.0,0.0,0.0,1.0,35.0,1701.0,1
Ethiopia,3,070610088800902022,0706100090202201-1-8,SNNP,SNNP,PERENNIAL/FRUIT,0.053351,1.2835040000000002,56.0,0,0,0,1,0,1,0.0,0.0,,,,0,51.90850067138672,972.9620938948982,25.0,0.0,468.5947779797942,1,0.0,0.0,0.0,0.0,42.0,1522.0,1
Ethiopia,3,070610088800902094,0706100090209401-1-20,SNNP,SNNP,PERENNIAL/FRUIT,0.061162,0.8249819999999999,34.0,0,0,0,1,0,1,0.0,0.0,,,,0,164.90499877929688,2696.2002351018095,24.0,0.0,392.40051012066317,1,0.0,0.0,0.0,0.0,43.0,1517.0,1
Ethiopia,3,040210088801102029,0402100110202901-1-2,Oromia,Oromia,MAIZE,0.08614000000000001,3.6641740000000005,81.0,0,0,0,1,0,1,0.0,0.0,,,,0,146.62799835205078,1702.2056925011698,13.0,0.0,150.91711167866262,0,0.0,0.0,0.0,0.0,19.0,1953.0,1
Ethiopia,3,060608088800402115,0606080040211501-4-1,Benshagul Gumuz,Benshagul Gumuz,SORGHUM,0.11729500000000001,0.7544120000000001,34.0,0,1,0,1,0,0,0.0,0.0,,,,0,100.0,852.5512596444861,57.0,0.0,485.95421799735703,1,0.0,0.0,0.0,1.0,124.0,1433.0,1
Ethiopia,3,010405088800701046,0104050070104601-3-1,Tigray,Tigray,SORGHUM,0.211452,2.2467190000000006,48.0,0,1,0,1,0,0,0.0,0.0,,,,0,234.0,1106.6341297315703,10.0,0.0,47.29205682613548,0,1.0,0.0,0.0,1.0,24.0,2019.0,1
Ethiopia,3,040806088800802133,0408060080213301-1-4,Oromia,Oromia,BEANS AND OTHER LEGUMES,0.07744500000000001,2.84951,41.0,0,1,0,1,0,1,0.0,0.0,,,,0,0.0,0.0,13.0,0.0,167.86106268965068,0,1.0,,0.0,1.0,22.0,1718.0,1
Ethiopia,3,040113088800501136,0401130050113601-3-1,Oromia,Oromia,PERENNIAL/FRUIT,0.111795,0.518418,28.0,0,1,0,1,0,0,0.0,0.0,,,,0,32.89799880981445,294.2707528048164,16.0,0.0,143.1191019276354,0,0.0,0.0,0.0,0.0,26.0,1737.0,1
Ethiopia,3,071301088802505136,0713010250513601-2-1,SNNP,SNNP,OTHER,0.13886,0.790895,33.0,0,1,0,1,0,0,0.0,0.0,,,,0,150.0,1080.2246867348408,17.0,0.0,122.42546449661529,0,1.0,0.0,0.0,1.0,40.0,1988.0,1
Ethiopia,3,070502088801705031,0705020170503101-2-1,SNNP,SNNP,PERENNIAL/FRUIT,0.060160000000000005,0.3717890000000001,37.0,0,1,0,1,0,0,0.0,0.0,,,,0,15.600000381469727,259.30851697921753,18.0,0.0,299.20212765957444,0,0.0,0.0,0.0,0.0,33.0,2461.0,1
Ethiopia,3,040113088800501032,0401130050103201-9-3,Oromia,Oromia,OTHER,0.268805,2.395119,53.0,0,1,1,1,0,0,0.0,0.0,,,,0,43.27000141143799,160.97171336633613,8.0,0.0,29.761351165342905,0,0.0,0.0,0.0,0.0,25.0,1606.0,1
Ethiopia,3,041803088801004038,0418030100403801-7-3,Oromia,Oromia,SORGHUM,0.34391,3.1426050000000005,46.0,0,1,0,1,0,0,0.0,0.0,,,,0,300.9000062942505,874.9382288803771,34.0,0.0,98.86307464162135,0,0.0,0.0,0.0,1.0,61.0,1997.0,1
Ethiopia,3,041904088800101110,0419040010111002-2-1,Oromia,Oromia,BEANS AND OTHER LEGUMES,0.06297000000000001,0.53964,25.0,1,1,0,0,0,0,0.0,0.0,,,,0,110.33300018310547,1752.1518212340075,6.0,0.0,95.28346831824676,0,0.0,1.0,0.0,1.0,63.0,2313.0,1
Ethiopia,3,040812088802401148,0408120240114802-4-1,Oromia,Oromia,OTHER,0.13616,1.3826500000000002,19.0,1,1,1,1,0,0,0.0,0.0,,,,0,100.0,734.4300822561692,32.0,0.0,235.01762632197415,0,0.0,0.0,0.0,0.0,58.0,2395.0,1
Ethiopia,3,040401088801103164,0404010110316401-1-15,Oromia,Oromia,OTHER,0.099252,13.725428,41.0,1,1,1,1,0,0,0.0,0.0,,,,0,100.0,1007.5363720630314,18.0,0.0,181.35654697134567,0,0.0,0.0,0.0,0.0,72.0,2178.0,1
Ethiopia,3,040106088801302036,0401060130203601-2-1,Oromia,Oromia,PERENNIAL/FRUIT,0.177761,0.643853,71.0,1,1,0,0,0,0,0.0,0.0,,,,0,,,4.0,0.0,22.502123637918327,0,,,0.0,,34.0,1965.0,1
Ethiopia,3,040401088801103164,0404010110316401-1-11,Oromia,Oromia,BARLEY,0.18622000000000002,13.725428,41.0,1,1,1,1,0,0,0.0,0.0,,,,0,100.0,536.9992482010524,19.0,0.0,102.02985715819996,0,0.0,0.0,0.0,0.0,72.0,2178.0,1
Ethiopia,3,040410088800701016,0404100070101602-1-5,Oromia,Oromia,PERENNIAL/FRUIT,0.061548000000000005,0.9538469999999999,26.0,1,1,0,1,0,0,0.0,0.0,,,,0,73.5,1194.1899005654122,34.0,0.0,552.4143757717553,1,,,0.0,1.0,26.0,1813.0,1
Ethiopia,3,040106088801302064,0401060130206401-2-8,Oromia,Oromia,OTHER,0.058275,3.7374549999999997,52.0,1,1,0,0,0,0,0.0,0.0,,,,0,78.07999849319458,1339.854113997333,8.0,0.0,137.28013728013727,1,0.0,0.0,0.0,1.0,35.0,1980.0,1
Ethiopia,3,071201088801602025,0712010160202501-1-12,SNNP,SNNP,BARLEY,0.34175700000000003,0.9818560000000001,61.0,1,1,0,0,0,0,0.0,0.0,,,,0,100.0,292.6055647726308,4.0,0.0,11.704222590905232,0,0.0,0.0,0.0,0.0,48.0,2382.0,1
Ethiopia,3,070702088802904087,0707020290408701-2-6,SNNP,SNNP,BEANS AND OTHER LEGUMES,0.53351,7.890930000000001,42.0,1,0,0,1,0,0,0.0,0.0,,,,0,452.0,847.2193585874678,97.0,30.0,181.81477385616014,0,0.0,0.0,0.0,0.0,13.0,2220.0,0
Ethiopia,3,031002088801601096,0310020160109602-3-4,Amhara,Amhara,SORGHUM,0.08195000000000001,0.39471,39.0,1,0,0,1,0,1,0.0,0.0,,,,0,3.382200014591217,41.27150719452369,50.0,0.0,610.1281269066503,1,1.0,0.0,0.0,1.0,34.0,1560.0,1
Ethiopia,3,030101088800204132,0301010020413201-2-1,Amhara,Amhara,SORGHUM,0.09230000000000001,1.328008,40.0,1,0,0,1,0,0,0.0,0.0,,,,0,159.59999561309814,1729.1440478125476,14.0,5.0,151.67930660888408,0,0.0,0.0,0.0,0.0,28.0,1284.0,1
Ethiopia,3,071704088802501168,0717040250116801-3-2,SNNP,SNNP,PERENNIAL/FRUIT,0.081,1.32349,74.0,1,0,0,0,0,0,0.0,0.0,,,,0,69.5,858.0246913580247,17.0,0.0,209.87654320987653,0,0.0,,0.0,1.0,41.0,1410.0,1
Ethiopia,3,060303088804202055,0603030420205501-1-3,Benshagul Gumuz,Benshagul Gumuz,MAIZE,0.062543,0.44361300000000004,60.0,1,0,0,0,0,1,0.0,0.0,,,,0,100.0,1598.899956829701,33.0,0.0,527.6369857538014,0,0.0,0.0,0.0,0.0,75.0,1525.0,1
Ethiopia,3,071301088802505001,0713010250500101-1-2,SNNP,SNNP,PERENNIAL/FRUIT,0.062110000000000005,0.5759630000000001,52.0,1,0,0,0,0,0,0.0,0.0,,,,0,55.15000009536743,887.9407518172183,18.0,0.0,289.8084044437288,1,0.0,0.0,0.0,1.0,41.0,1930.0,1
Ethiopia,3,010403088800404002,0104030040400201-3-1,Tigray,Tigray,BARLEY,0.20009600000000002,1.1358519999999999,50.0,1,0,0,0,0,0,0.0,0.0,,,,0,200.0,999.520230289461,11.0,0.0,54.97361266592035,0,1.0,0.0,0.0,1.0,27.0,2224.0,1
Ethiopia,3,041807088801106044,0418070110604401-11-1,Oromia,Oromia,WHEAT,0.25118,1.9065999999999999,50.0,1,0,0,0,0,0,0.0,0.0,,,,0,200.0,796.241738991958,28.0,0.0,111.47384345887411,0,0.0,0.0,0.0,1.0,16.0,2133.0,1
Ethiopia,3,010406088800803003,0104060080300301-6-1,Tigray,Tigray,OTHER,0.259108,2.824907,48.0,0,0,0,1,0,0,0.0,0.0,,,,0,6.700000166893005,25.857944049944447,5.0,0.0,19.296972690924246,0,1.0,,0.0,1.0,21.0,1644.0,0
Ethiopia,3,041409088800501136,0414090050113601-1-3,Oromia,Oromia,PERENNIAL/FRUIT,0.24958000000000002,1.184001,42.0,0,0,0,1,0,0,0.0,0.0,,,,0,1624.7139587402344,6509.79228600142,40.0,0.0,160.2692523439378,1,0.0,0.0,0.0,0.0,42.0,2454.0,1
Ethiopia,3,030304088800906161,0303040090616101-1-6,Amhara,Amhara,BARLEY,0.24061500000000002,1.4530839999999998,50.0,0,1,0,1,0,1,0.0,0.0,,,,0,300.0,1246.8050620285517,12.0,0.0,49.87220248114207,0,0.0,0.0,0.0,1.0,46.0,3276.0,1
Tanzania,3,1820-001,1820-001-M1,RUVUMA,RUVUMA,MAIZE,0.09712463782909513,1.8979772847625314,63.0,0,1,0,0,1,1,1.88,19.356571535516377,,,,0,230.0,2368.091198494025,12.0,0.0,123.55258426925349,1,0.0,0.0,,0.0,19.7,1030.0,1
Tanzania,3,1981-001,1981-001-M4,IRINGA,IRINGA,MAIZE,0.5544198219296932,1.6268377002206444,60.0,0,1,0,1,1,1,11.5,20.742404122517705,,,,0,600.0,1082.2123890009238,18.0,22.0,32.46637167002771,0,0.0,0.0,,0.0,8.3,1967.0,0
Tanzania,3,0168-001,0168-001-M1,ARUSHA,ARUSHA,MAIZE,3.520768122812271,3.520768122812271,31.0,0,1,0,1,1,1,46.0,13.065330744717363,,,,0,2800.0,795.2810018523612,13.0,50.0,3.69237608002882,0,0.0,0.0,,0.0,1.9,1373.0,1
Tanzania,3,1644-003,1644-003-M1,DAR ES SALAAM,DAR ES SALAAM,OTHER,0.2832801951757669,0.2832801951757669,36.0,0,1,0,0,1,1,23.0,81.19169780199137,,,,0,2600.0,,58.0,0.0,204.74428141371737,0,0.0,1.0,,1.0,29.5,43.0,0
Tanzania,3,2186-001,2186-001-M3,MBEYA,MBEYA,MAIZE,1.2666672263126373,1.493291387277484,23.0,0,1,0,1,1,1,10.5,8.289470021709082,,,,0,760.0,599.9997349046573,122.0,0.0,96.31574691890552,0,0.0,0.0,,0.0,45.9,1628.0,1
Tanzania,3,2270-001,2270-001-M3,SINGIDA,SINGIDA,OTHER,1.5216193561406135,1.9303522183115183,35.0,0,1,0,1,1,1,51.7,33.976960000778526,,,,0,1120.0,736.0579342528423,226.0,0.0,148.52597601887712,1,0.0,0.0,,0.0,82.0,1278.0,1
Tanzania,3,1979-001,1979-001-M6,IRINGA,IRINGA,MAIZE,0.13759324144726992,1.9748676539491417,78.0,0,1,0,1,1,1,5.84,42.44394520088454,,,,0,403.0,2928.922930814464,38.0,0.0,276.17635575918024,1,0.0,0.0,,0.0,34.7,2138.0,1
Tanzania,3,2187-001,2187-001-M2,MBEYA,MBEYA,OTHER,0.09307778168848156,3.974016462832838,44.0,0,1,1,1,1,1,20.0,214.87405089796005,,,,0,250.0,2685.9256362245005,54.0,5.0,580.1599374244921,0,,0.0,,0.0,44.6,1659.0,1
Tanzania,3,0290-001,0290-001-M1,KILIMANJARO,KILIMANJARO,MAIZE,5.977212405250549,7.7456902754225725,71.0,1,1,0,0,1,1,23.0,3.8479475783387187,,,,0,1344.0,224.8539802298799,12.0,55.0,2.0076248234810707,1,1.0,1.0,,1.0,4.5,891.0,1
Tanzania,3,0326-001,0326-001-M1,KILIMANJARO,KILIMANJARO,OTHER,0.05665604024121165,0.7324816428739727,64.0,1,1,0,0,1,1,2.1,37.06577429448481,,,,0,39.0,688.3643797547179,5.0,0.0,88.25184355829717,1,,0.0,,1.0,20.6,939.0,1
Tanzania,3,1999-001,1999-001-M1,IRINGA,IRINGA,MAIZE,0.12140580482423305,0.526091804824233,38.0,1,1,0,0,1,1,23.0,189.44728411708627,,,,0,450.0,3706.577297942992,16.0,0.0,131.78941503797304,1,1.0,0.0,,0.0,64.5,1680.0,1
Tanzania,3,1972-001,1972-001-M2,IRINGA,IRINGA,BEANS AND OTHER LEGUMES,0.06474975855273009,0.6758256267539262,46.0,1,1,0,1,1,1,1.7999999999999998,27.799331460582028,,,,0,140.0,2162.1702247119356,12.0,0.0,185.3288764038802,1,0.0,0.0,,0.0,34.7,2138.0,1
Tanzania,3,0295-001,0295-001-M1,KILIMANJARO,KILIMANJARO,BEANS AND OTHER LEGUMES,0.33184251710546014,0.33184251710546014,53.0,1,1,1,0,1,1,2.7600000000000002,8.317198242330313,,,,0,51.0,153.68735882566884,36.0,3.0,108.485194465178,1,0.0,1.0,,1.0,7.0,1049.0,1
Tanzania,3,3059-001,3059-001-M1,MWANZA,MWANZA,OTHER,0.3642173903515339,0.3642173903515339,85.0,1,1,1,0,1,1,5.0,13.728064975629307,,,,0,1470.0,4036.0511028350165,52.0,0.0,142.7718757465448,1,0.0,1.0,,1.0,17.6,1278.0,1
Tanzania,3,0294-001,0294-001-M2,KILIMANJARO,KILIMANJARO,MAIZE,0.2509053219296932,0.36421740241211653,48.0,1,1,0,0,1,1,2.3000000000000003,9.166804363936484,,,,0,100.0,398.55671147549924,14.0,6.0,55.7979396065699,0,1.0,0.0,,1.0,5.8,924.0,0
Tanzania,3,1546-001,1546-001-M1,MTWARA,MTWARA,MAIZE,1.2990420754375458,1.2990420754375458,41.0,1,1,0,0,1,1,72.0,55.425456466257124,,,,0,2200.0,1693.5556142467456,140.0,37.0,107.77172090661108,0,0.0,0.0,,1.0,73.8,265.0,1
Tanzania,3,1986-002,1986-002-M2,IRINGA,IRINGA,MAIZE,0.2873270513163805,1.331416900441289,87.0,1,0,0,0,1,1,32.0,111.37134444318046,,,,0,1890.0,6577.870031175346,63.0,3.0,219.26233437251153,0,0.0,0.0,,0.0,8.3,1967.0,1
Tanzania,3,3751-001,3751-001-M1,KASKAZINI PEMBA,KASKAZINI PEMBA,RICE,0.32374880482423307,0.9955275633769631,54.0,1,0,0,1,1,1,2.1,6.486510432494459,,,,0,255.0,787.6476953743271,46.0,1.0,142.08546661654526,0,0.0,0.0,,1.0,25.0,28.0,1
Tanzania,3,0265-001,0265-001-M1,KILIMANJARO,KILIMANJARO,RICE,0.2873270513163805,0.49371690745699404,62.0,1,0,0,0,1,1,23.0,80.04815381853597,,,,1,2500.0,,6.0,29.0,20.88212708309634,0,1.0,0.0,,1.0,24.3,525.0,1
Tanzania,3,1564-001,1564-001-M1,MTWARA,MTWARA,MAIZE,0.32374880482423307,0.32374880482423307,58.0,1,0,0,0,1,1,1.3800000000000001,4.262563998496359,,,,0,458.0,1414.6770371821246,47.0,4.0,145.1742811082093,1,0.0,0.0,,1.0,57.7,701.0,1
Tanzania,3,2117-001,2117-001-M4,MBEYA,MBEYA,MAIZE,0.12140580482423305,0.48562321326664093,79.0,1,0,0,0,1,1,11.5,94.72364205854313,,,,0,300.0,2471.051531961995,80.0,0.0,658.9470751898652,0,0.0,0.0,,1.0,29.3,1924.0,1
Tanzania,3,2165-001,2165-001-M2,MBEYA,MBEYA,BEANS AND OTHER LEGUMES,0.5665603903515338,1.9020241710546015,70.0,1,0,0,0,1,1,32.0,56.48118107964617,,,,0,300.0,529.5110726216828,44.0,10.0,77.66162398451348,1,1.0,0.0,,1.0,42.1,1368.0,1
Tanzania,3,1799-001,1799-001-M2,RUVUMA,RUVUMA,RICE,0.809372,3.035144963818252,83.0,1,0,0,0,1,1,13.0,16.061835595992942,,,,0,1008.0,1245.4100215969913,67.0,21.0,82.78022961011747,0,0.0,0.0,,0.0,15.6,546.0,1
Tanzania,3,1613-001,1613-001-M4,MTWARA,MTWARA,MAIZE,0.8174657122812271,8.563155842976808,67.0,1,0,0,0,1,1,6.9,8.44072099457823,,,,0,780.0,954.1684602566694,215.0,0.0,263.0079730194666,1,0.0,0.0,,1.0,64.9,508.0,1
Tanzania,3,2515-001,2515-001-M3,RUKWA,RUKWA,MAIZE,2.5899904385938646,5.706072609648467,37.0,0,0,0,1,1,1,23.0,8.880341663534079,,,,0,1000.0,386.10181145800345,227.0,0.0,87.64511120096678,1,0.0,0.0,,0.0,74.9,1638.0,1
Tanzania,3,3189-003,3189-003-M3,TABORA,TABORA,OTHER,0.33993622938668727,2.7761459657890795,45.0,0,0,0,1,1,1,30.0,88.25184668938047,,,,0,316.0,929.5861184614744,68.0,0.0,200.03751916259574,0,0.0,1.0,,1.0,46.4,1143.0,1
Tanzania,3,2392-001,2392-001-M3,TABORA,TABORA,OTHER,0.809372,1.533759924562454,58.0,0,0,0,1,1,1,60.0,74.13154890458281,,,,0,250.0,308.88145376909506,240.0,0.0,296.52619561833126,0,0.0,0.0,,0.0,92.1,1155.0,0
Tanzania,3,1923-001,1923-001-M1,IRINGA,IRINGA,MAIZE,0.9307777807030677,6.389991828077793,58.0,0,0,0,0,1,1,36.0,38.67733066512097,,,,0,450.0,483.4666333140121,45.0,0.0,48.34666333140121,1,0.0,0.0,,1.0,11.9,1401.0,1
Tanzania,3,1984-001,1984-001-M1,IRINGA,IRINGA,MAIZE,0.6434507535078525,7.401707262258768,84.0,0,0,0,1,1,1,23.0,35.744771258115115,,,,0,1190.0,1849.4033824850862,60.0,0.0,93.24722936899595,1,0.0,0.0,,0.0,9.5,1958.0,1
Tanzania,3,2766-001,2766-001-M1,SHINYANGA,SHINYANGA,OTHER,13.168482810501098,13.168482810501098,76.0,0,0,0,0,1,1,76.0,5.771355826913821,,,,0,3315.0,251.73742850288573,585.0,0.0,44.42425208874454,1,0.0,0.0,,1.0,48.9,1162.0,1
Tanzania,3,2392-001,2392-001-M2,TABORA,TABORA,BEANS AND OTHER LEGUMES,0.5665603903515338,1.533759924562454,58.0,0,0,0,1,1,1,23.0,40.59584890099568,,,,0,208.0,367.1276770177001,116.0,0.0,204.74428141371737,1,0.0,0.0,,0.0,92.1,1155.0,0
Tanzania,3,1942-001,1942-001-M1,IRINGA,IRINGA,MAIZE,0.6313101368436813,1.7927589467127918,59.0,0,0,0,0,1,1,9.1,14.414468371277318,,,,0,408.0,646.2750654374886,89.0,0.0,140.97666868611884,1,1.0,0.0,,1.0,33.6,1438.0,1
Tanzania,3,2395-009,2395-009-M1,TABORA,TABORA,OTHER,6.373804499999999,6.373804499999999,56.0,0,1,1,0,1,1,46.0,7.217039681715999,,,,0,5280.0,828.3906417274017,104.0,98.0,16.316785367357912,1,0.0,0.0,,1.0,60.5,1280.0,1
Tanzania,3,1982-001,1982-001-M1,IRINGA,IRINGA,OTHER,0.8376999929842949,3.549096139917731,53.0,0,1,0,1,1,1,3.68,4.3929808175001295,,,,0,3570.0,4261.6688908900705,22.0,2.0,26.262385322011642,1,0.0,1.0,,1.0,7.5,2007.0,1
Tanzania,3,2020-001,2020-001-M3,IRINGA,IRINGA,MAIZE,0.1133120804824233,3.2010662103103997,40.0,0,1,0,1,1,1,4.6000000000000005,40.595848036816705,,,,0,40.0,353.00737423318867,50.0,0.0,441.25921779148587,1,0.0,0.0,,0.0,81.8,1349.0,1
Tanzania,3,0486-001,0486-001-M2,MOROGORO,MOROGORO,BEANS AND OTHER LEGUMES,0.14973382192969323,0.3723111267539263,47.0,0,1,0,1,0,0,0.0,0.0,,,,0,300.0,2003.5553499787343,28.0,0.0,186.99849933134854,0,0.0,0.0,,0.0,53.0,972.0,1
Tanzania,3,1519-001,1519-001-M5,MTWARA,MTWARA,OTHER,0.08093720120605827,6.078383730372102,47.0,0,1,0,1,0,0,0.0,0.0,,,,0,546.0,6745.9708497942365,17.0,0.0,210.03938543315388,1,,1.0,,1.0,39.1,250.0,1
Tanzania,3,3324-001,3324-001-M2,MANYARA,MANYARA,MAIZE,1.691587410531044,2.460490800882578,48.0,0,1,0,1,0,0,0.0,0.0,,,,0,1420.0,839.448195913338,33.0,0.0,19.508303144464897,1,1.0,0.0,,1.0,59.3,1967.0,1
Tanzania,3,1530-001,1530-001-M6,MTWARA,MTWARA,NUTS,0.43301404122662546,4.4596397364023925,58.0,0,1,0,1,0,0,0.0,0.0,,,,0,95.0,219.39242369805763,191.0,44.0,441.094241329779,0,,0.0,,0.0,49.1,293.0,1
Tanzania,3,3043-004,3043-004-M2,MWANZA,MWANZA,TUBERS / ROOT CROPS,1.141214492984295,1.2869014587733745,32.0,0,1,1,1,0,0,0.0,0.0,,,,0,1832.0,1605.3073381580439,216.0,0.0,189.2720442369746,1,0.0,0.0,,0.0,20.8,1192.0,1
Tanzania,3,2563-001,2563-001-M1,KIGOMA,KIGOMA,MAIZE,1.1735894385938643,4.633654719296932,53.0,0,1,1,1,0,0,0.0,0.0,,,,0,700.0,596.460718697933,28.0,16.0,23.85842874791732,0,0.0,0.0,,1.0,123.9,1472.0,1
Tanzania,3,3074-001,3074-001-M3,MWANZA,MWANZA,RICE,0.8498405614061355,6.677318927636504,52.0,0,1,0,1,0,0,0.0,0.0,,,,0,1800.0,2118.0443506035326,250.0,10.0,294.17282647271287,0,0.0,0.0,,1.0,49.9,1220.0,1
Tanzania,3,2192-003,2192-003-M2,MBEYA,MBEYA,BEANS AND OTHER LEGUMES,0.08093720120605827,0.9510121397999227,23.0,0,1,0,1,0,0,0.0,0.0,,,,0,20.0,247.10515933312223,3.0,0.0,37.065773899968335,0,0.0,0.0,,1.0,44.7,1646.0,1
Tanzania,3,2836-001,2836-001-M1,SHINYANGA,SHINYANGA,OTHER,0.48157636315631863,0.48157636315631863,61.0,0,0,0,0,0,0,0.0,0.0,,,,0,370.0,768.3101337760193,21.0,0.0,43.60679137647677,1,0.0,0.0,,1.0,11.3,1164.0,1
Tanzania,3,3080-002,3080-002-M1,MWANZA,MWANZA,RICE,0.5099043561406136,0.5099043561406136,45.0,0,0,0,1,0,0,0.0,0.0,,,,0,340.0,666.791714770603,38.0,0.0,74.52377988612622,0,0.0,0.0,,0.0,62.0,1175.0,0
Tanzania,3,3823-001,3823-001-M2,KASKAZINI PEMBA,KASKAZINI PEMBA,OTHER,0.08093720120605827,1.6268377605235578,63.0,0,0,0,1,0,0,0.0,0.0,,,,0,60.0,741.3154779993666,34.0,0.0,420.07877086630776,0,,1.0,,1.0,11.7,2.0,1
Tanzania,3,1854-001,1854-001-M3,RUVUMA,RUVUMA,MAIZE,1.9424928771877288,2.913739291660428,37.0,0,0,0,1,0,0,0.0,0.0,,,,0,400.0,205.9209609968329,60.0,0.0,30.888144149524933,0,0.0,0.0,,0.0,86.5,1375.0,1
Tanzania,3,2873-001,2873-001-M3,SHINYANGA,SHINYANGA,OTHER,7.814486443874359,50.22153162068069,64.0,0,0,0,1,0,0,0.0,0.0,,,,0,1801.0,230.46939974050025,126.0,2.0,16.12390025946865,1,0.0,0.0,,1.0,36.0,1117.0,1
Tanzania,3,0018-001,0018-001-M1,DODOMA,DODOMA,MAIZE,0.8498405614061355,2.9056454105310436,33.0,0,0,0,1,0,0,0.0,0.0,,,,0,480.0,564.8118268276087,18.0,0.0,21.180443506035328,0,0.0,0.0,,0.0,51.5,1104.0,1
Tanzania,3,1307-001,1307-001-M5,DAR ES SALAAM,DAR ES SALAAM,OTHER,1.351651205265522,3.609799066451013,53.0,0,0,0,1,0,0,0.0,0.0,,,,0,170.0,125.77209219193848,,0.0,,1,,0.0,,0.0,35.5,28.0,1
Tanzania,3,1550-001,1550-001-M1,MTWARA,MTWARA,SORGHUM,1.1331207807030677,1.6025565271952151,43.0,0,0,0,1,0,0,0.0,0.0,,,,0,400.0,353.00738174778854,158.0,6.0,139.43791579037648,1,1.0,1.0,,1.0,27.0,17.0,1
Tanzania,3,1410-002,1410-002-M1,LINDI,LINDI,MAIZE,2.480725226312637,3.1525039728047846,44.0,1,1,0,0,0,0,0.0,0.0,,,,0,750.0,302.33094421134416,80.0,23.0,32.24863404921004,1,0.0,0.0,,1.0,141.3,511.0,1
Tanzania,3,3004-002,3004-002-M1,KAGERA,KAGERA,OTHER,0.2792333390351534,5.936743699117422,52.0,1,1,0,0,0,0,0.0,0.0,,,,0,1370.0,4906.290934792451,176.0,0.0,630.2972295791761,1,0.0,0.0,,0.0,191.7,1398.0,1
Tanzania,3,2898-001,2898-001-M2,KAGERA,KAGERA,BEANS AND OTHER LEGUMES,0.2266241609648466,0.32374879879394175,28.0,1,1,0,0,0,0,0.0,0.0,,,,0,480.0,2118.0442453991323,25.0,0.0,110.31480444787147,1,0.0,0.0,,0.0,124.6,1421.0,0
Tanzania,3,1146-001,1146-001-M1,DAR ES SALAAM,DAR ES SALAAM,OTHER,13.395105982498169,16.466672784248352,47.0,1,1,0,1,0,0,0.0,0.0,,,,0,960.0,71.66796599103587,45.0,0.0,3.3594359058298067,1,1.0,1.0,,1.0,12.2,64.0,1
Tanzania,3,1077-109,1077-109-M1,DODOMA,DODOMA,OTHER,0.09307778168848156,0.09307778168848156,71.0,1,1,0,0,0,0,0.0,0.0,,,,0,1250.0,,28.0,0.0,300.82367125714404,1,0.0,1.0,,1.0,1.9,1116.0,1
Tanzania,3,1539-002,1539-002-M1,LINDI,LINDI,NUTS,0.13354638530665636,0.13354638530665636,31.0,1,1,0,0,0,0,0.0,0.0,,,,0,700.0,5241.624461737564,129.0,12.0,965.9565079487797,1,0.0,0.0,,1.0,24.2,106.0,1
Tanzania,3,2105-001,2105-001-M6,MBEYA,MBEYA,MAIZE,0.32374880482423307,1.481150776643604,39.0,1,1,0,1,0,0,0.0,0.0,,,,0,80.0,247.10515933312223,52.0,0.0,160.61835356652944,0,0.0,0.0,,0.0,38.9,2049.0,0
Tanzania,3,1792-001,1792-001-M2,RUVUMA,RUVUMA,RICE,0.8862623631563187,1.0481367655684353,54.0,1,1,0,0,0,0,0.0,0.0,,,,0,350.0,394.91691687494927,227.0,14.0,256.13182894460994,0,0.0,0.0,,1.0,6.2,637.0,1
Tanzania,3,1584-001,1584-001-M3,MTWARA,MTWARA,OTHER,0.16996811469334364,1.4487758853066564,78.0,1,0,0,0,0,0,0.0,0.0,,,,0,126.0,741.315512190796,27.0,0.0,158.85332404088487,1,,0.0,,0.0,65.1,428.0,1
Tanzania,3,1698-001,1698-001-M2,MTWARA,MTWARA,NUTS,0.8984029315781593,1.2100111438593864,72.0,1,0,0,0,0,0,0.0,0.0,,,,0,500.0,556.5431527718707,27.0,0.0,30.053330249681018,1,0.0,0.0,,0.0,77.1,389.0,1
Tanzania,3,2650-001,2650-001-M2,KIGOMA,KIGOMA,OTHER,0.31565506842184066,1.5823222645830213,72.0,1,0,0,0,0,0,0.0,0.0,,,,0,118.0,373.825773145214,19.0,0.0,60.19228550643276,1,0.0,0.0,,1.0,20.4,993.0,1
Tanzania,3,3165-001,3165-001-M3,MWANZA,MWANZA,MAIZE,0.3035145,2.4726314476982054,31.0,1,0,0,0,0,0,0.0,0.0,,,,0,324.0,1067.4943042259924,35.0,1.0,115.31574274046214,0,0.0,0.0,,0.0,40.3,1181.0,1
Tanzania,3,2650-001,2650-001-M6,KIGOMA,KIGOMA,TUBERS / ROOT CROPS,0.34802996578907963,1.5823222645830213,72.0,1,0,0,0,0,0,0.0,0.0,,,,0,120.0,344.79789614646256,29.0,0.0,83.32615823539513,0,,0.0,,0.0,20.4,993.0,1
Tanzania,3,2104-001,2104-001-M1,MBEYA,MBEYA,OTHER,0.08498405734667182,0.7850908269745708,63.0,1,0,0,0,0,0,0.0,0.0,,,,0,300.0,3530.073867575219,123.0,0.0,1447.3302857058397,1,0.0,1.0,,1.0,39.1,2049.0,1
Tanzania,3,2656-001,2656-001-M3,KIGOMA,KIGOMA,OTHER,0.2549521780703068,0.5584666780703068,81.0,1,0,0,0,0,0,0.0,0.0,,,,0,60.0,235.33825227197755,7.0,0.0,27.456129431730712,1,,0.0,,0.0,21.0,1051.0,1
Tanzania,3,2625-001,2625-001-M1,KIGOMA,KIGOMA,OTHER,0.06879662072363496,0.594888425547868,76.0,1,0,0,1,0,0,0.0,0.0,,,,0,100.0,1453.5597671535802,,14.0,,1,,0.0,,0.0,30.7,1065.0,1
Tanzania,3,2152-001,2152-001-M3,MBEYA,MBEYA,MAIZE,0.15782753421092033,1.088605323959425,56.0,0,1,0,1,0,0,0.0,0.0,,,,0,70.0,443.5221037316098,18.0,0.0,114.0485409595568,1,0.0,0.0,,1.0,47.3,1242.0,1
Tanzania,3,3158-002,3158-002-M3,MWANZA,MWANZA,TUBERS / ROOT CROPS,0.2670927706133127,0.8579343219296932,40.0,0,1,0,1,0,0,0.0,0.0,,,,0,1200.0,4492.820967203626,36.0,0.0,134.7846290161088,1,0.0,0.0,,0.0,43.1,1160.0,0
Tanzania,3,2172-001,2172-001-M2,MBEYA,MBEYA,MAIZE,0.5665603903515338,1.0926521710546016,76.0,0,1,0,1,0,0,0.0,0.0,,,,0,450.0,794.2666089325243,24.0,0.0,42.360885809734626,1,0.0,0.0,,0.0,37.5,1340.0,1
Malawi,4,0420-001,0420-001-RG02-R01,,Dowa,MAIZE,0.34802995999999997,0.72438794,41.0,1,1,0,1,1,1,11.5,33.043132263670635,,,,0,300.0,861.9947547044513,27.0,0.0,77.57952792340062,0,0.0,0.0,0.0,1.0,8.0,1215.0,1
Malawi,4,1557-002,1557-002-RG01-R01,,Machinga,MAIZE,0.12545266,0.43545266,33.0,1,1,0,1,1,1,1.1500000000000001,9.166804434437662,,,,0,248.4060001373291,1980.077585738948,45.0,0.0,358.7010430866911,1,0.0,1.0,0.0,1.0,18.0,743.0,1
Malawi,4,2199-002,2199-002-RG02-R01,,Balaka,MAIZE,0.63940388,0.63940388,41.0,1,1,1,1,1,1,34.5,53.95650711409508,,,,0,306.0,478.5707587511042,63.0,0.0,98.52927386052146,0,0.0,0.0,1.0,1.0,6.0,481.0,1
Malawi,4,0118-002,0118-002-RG01-R01,,Mzimba,MAIZE,0.63940388,0.6677319,23.0,1,1,1,1,1,1,89.7,140.28691849664722,,,,0,2845.2300004959106,4449.8166018259235,68.0,2.0,106.34905750024538,1,0.0,0.0,0.0,0.0,22.0,1186.0,0
Malawi,4,1843-001,1843-001-RG02-R01,,Mwanza,MAIZE,1.36379182,1.79680584,33.0,1,1,0,1,1,1,23.0,16.86474406335712,,,,0,204.0,149.5829473445588,18.0,0.0,13.198495353931657,1,0.0,0.0,0.0,1.0,21.0,683.0,1
Malawi,4,0486-001,0486-001-RG04-R01,,Dowa,OTHER,0.13354638,1.2504797399999998,43.0,1,1,1,1,1,1,11.5,86.11240529320226,,,,0,203.75500011444092,1525.7246217714096,18.0,0.0,134.78463437196876,1,0.0,0.0,0.0,0.0,2.0,1181.3333333333333,0
Malawi,4,1771-002,1771-002-RG03-R01,,Blantyre,MAIZE,0.18615556,0.23067102,29.0,1,1,0,1,1,1,5.75,30.888145376909506,,,,0,346.75,1862.6894625118907,14.5,0.0,77.89184486351093,1,1.0,0.0,0.0,1.0,20.0,617.5,1
Malawi,4,1182-002,1182-002-RG02-R04,,Lilongwe City,MAIZE,1.4366352999999998,3.90674208,50.0,1,1,1,1,1,1,69.0,48.02889083958887,,,,0,1000.0,696.070881733172,7.0,12.0,4.872496172132204,0,0.0,0.0,0.0,0.0,5.0,1065.0,1
Malawi,4,1438-001,1438-001-RG01-R01,,Mangochi,MAIZE,0.25899904,0.45729518,84.0,0,1,1,1,1,1,2.3000000000000003,8.880341795861483,,,,0,416.5,1608.114068685351,18.5,0.0,71.42883618410323,1,0.0,0.0,1.0,1.0,20.0,813.0,1
Malawi,4,0120-001,0120-001-RG01-R01,,Mzimba,MAIZE,0.607029,4.3631208,67.0,0,1,0,1,1,1,69.0,113.66837498702697,,,,0,488.2999954223633,804.409666461344,109.0,0.0,179.5630851244339,1,0.0,0.0,0.0,1.0,31.0,1230.8,1
Malawi,4,0417-001,0417-001-RG03-R01,,Ntchisi,MAIZE,0.24685846,1.48519762,38.0,0,1,0,1,1,1,23.0,93.17079916969425,,,,0,900.0,3645.813880553253,25.0,0.0,101.27260779314592,0,0.0,0.0,0.0,0.0,7.0,1252.7142857142858,1
Malawi,4,0872-001,0872-001-RG04-R01,,Dedza,MAIZE,0.23876473999999998,2.1788077599999998,38.0,0,1,0,1,1,1,8.51,35.64177859762711,,,,0,387.4066677093506,1622.5455555512535,13.7,0.0,57.37865649676749,1,0.0,0.0,0.0,1.0,25.0,1239.1666666666667,1
Malawi,4,1471-001,1471-001-RG01-R01,,Mangochi,MAIZE,0.77699712,1.4487758800000001,36.0,0,1,1,1,1,1,23.0,29.601139319538277,,,,0,327.5,421.4944837890776,114.0,0.0,146.71869054032015,1,0.0,1.0,0.0,1.0,42.0,547.6666666666666,1
Malawi,4,2191-001,2191-001-RG02-R01,,Balaka,MAIZE,0.40873286,1.90435606,32.0,0,1,1,1,1,1,34.5,84.40720914878241,,,,0,2039.0,4988.588389981662,16.0,0.0,39.14537235885561,1,0.0,0.0,1.0,1.0,3.0,601.0,1
Malawi,4,2173-001,2173-001-RG02-R01,,Balaka,MAIZE,0.16592126,0.67987248,42.0,0,1,1,1,1,1,8.05,48.51698932373104,,,,0,459.0,2766.372434731993,30.5,0.0,183.82213346258342,1,0.0,1.0,0.0,1.0,3.0,637.0,1
Malawi,4,1852-003,1852-003-RG02-R01,,Mwanza,MAIZE,0.37231112,0.37231112,27.0,0,1,0,1,1,1,34.5,92.66443613072852,,,,0,564.2041665911674,1515.4104626022652,31.0,0.0,83.26369623340823,1,0.0,0.0,0.0,1.0,21.0,682.0,1
Malawi,4,0735-001,0735-001-RG03-R01,,Lilongwe,MAIZE,0.21448358,0.42896716,29.0,1,0,0,0,1,1,11.5,53.617158012748575,,,,0,170.0,792.6014662754137,21.0,0.0,97.90959289284523,1,0.0,1.0,1.0,1.0,28.0,1213.3333333333333,1
Malawi,4,2087-001,2087-001-RG01-R01,,Mulanje,MAIZE,0.42492030000000003,0.97529326,59.0,1,0,0,0,1,1,27.6,64.95335713544398,,,,0,408.0,960.1800620022154,17.0,0.0,40.00750258342564,1,0.0,1.0,1.0,1.0,20.0,713.3333333333334,1
Malawi,4,2128-001,2128-001-RG01-R01,,Phalombe,MAIZE,0.30756136,0.3844517,47.0,1,0,0,0,1,1,11.5,37.39091282467993,,,,0,154.0,500.7130934783225,49.0,0.0,159.31780247037534,1,1.0,0.0,1.0,1.0,16.0,697.5,1
Malawi,4,0354-001,0354-001-RG01-R02,,Balaka,MAIZE,0.10926522000000001,0.32779566000000004,57.0,1,0,0,0,1,1,4.6000000000000005,42.09939814334333,,,,0,102.0,933.508393613265,23.0,0.0,210.4969907167166,0,0.0,0.0,1.0,1.0,0.0,627.0,1
Malawi,4,1815-001,1815-001-RG01-R01,,Thyolo,MAIZE,0.38849856,1.5058574999999998,51.0,1,0,0,1,1,1,18.0,46.33221806536426,,,,0,462.5,1190.4806030683872,164.0,0.0,422.13798681776325,1,0.0,0.0,0.0,1.0,14.0,744.3333333333334,1
Malawi,4,1507-002,1507-002-RG04-R01,,Mangochi,MAIZE,0.9712464,0.9712464,35.0,1,0,0,1,1,1,9.200000000000001,9.47236458225225,,,,0,462.2480001449585,475.93278095543883,42.0,0.0,43.24340352767331,1,0.0,0.0,1.0,1.0,44.0,1017.0,1
Malawi,4,2003-001,2003-001-RG01-R01,,Phalombe,BEANS AND OTHER LEGUMES,0.13354638,0.202343,82.0,1,0,0,0,1,1,4.6000000000000005,34.44496211728091,,,,0,88.5,662.6911189955131,19.0,0.0,142.27266961485591,1,0.0,0.0,1.0,1.0,27.0,645.5,1
Malawi,4,0971-001,0971-001-RG03-R01,,Dedza,MAIZE,0.31970194,0.72157634,59.0,1,0,0,1,1,1,24.5,76.63387966929446,,,,,526.0,1645.2824777979138,90.5,0.0,283.0761677580061,1,0.0,0.0,0.0,1.0,27.0,528.3333333333334,1
Malawi,4,1513-001,1513-001-RG02-R01,,Mangochi,MAIZE,0.63940388,0.77699712,41.0,0,0,0,1,1,1,15.9,24.866911974322083,,,,0,500.0,781.9783639723925,29.0,0.0,45.35474511039877,1,0.0,1.0,1.0,1.0,44.0,1044.0,1
Malawi,4,1468-002,1468-002-RG04-R01,,Mangochi,BEANS AND OTHER LEGUMES,0.44920146000000005,1.12098022,72.0,0,0,0,1,1,1,5.75,12.800492678719253,,,,0,585.0,1302.3109942696979,84.5,0.0,188.1115880611786,1,0.0,0.0,0.0,1.0,24.0,980.0,1
Malawi,4,0307-003,0307-003-RG01-R03,,Kasungu,OTHER,0.30756136,1.46496332,39.0,0,0,0,1,1,1,13.8,44.869095389615914,,,,0,90.02000045776367,292.68956431251206,34.0,0.0,110.54704661209718,1,0.0,0.0,0.0,0.0,36.0,1052.3333333333333,1
Malawi,4,0395-003,0395-003-RG02-R01,,Ntchisi,MAIZE,0.40873286,4.36964932,86.0,0,0,0,1,1,1,34.5,84.40720914878241,,,,0,250.0,611.6464431071189,47.0,0.0,114.98953130413837,0,0.0,0.0,0.0,0.0,12.0,1295.5,1
Malawi,4,1970-001,1970-001-RG02-R01,,Mulanje,MAIZE,0.69201306,3.3502454399999997,77.0,0,0,0,1,1,1,46.0,66.4727339105421,,,,0,51.0,73.69803107473146,5.5,0.0,7.947826880608294,0,1.0,0.0,0.0,1.0,6.0,699.0,1
Malawi,4,0865-001,0865-001-RG03-R01,,Dedza,MAIZE,0.16996812,0.44920146,44.0,0,0,0,1,1,1,11.5,67.6597470160875,,,,0,723.7133178710938,4257.935652115783,36.0,0.0,211.8044254416652,1,1.0,0.0,0.0,1.0,32.0,1238.0,1
Malawi,4,1652-001,1652-001-RG02-R01,,Zomba,BEANS AND OTHER LEGUMES,0.14973382,1.91863722,55.0,0,0,0,1,1,1,11.5,76.80295607231554,,,,0,116.5,778.047337602153,18.5,0.0,123.55258150763802,1,0.0,0.0,1.0,1.0,29.0,660.5,1
Malawi,4,1638-001,1638-001-RG02-R01,,Zomba,SORGHUM,0.31160822,1.09723142,38.0,0,0,0,1,1,1,23.0,73.81063310845909,,,,0,184.0,590.4850648676727,29.0,0.0,93.06558087588319,1,0.0,0.0,1.0,1.0,29.0,659.0,1
Malawi,4,1396-002,1396-002-RG03-R01,,Thyolo,BEANS AND OTHER LEGUMES,0.21043672,1.23391934,68.0,0,1,1,1,1,1,6.9,32.78895432318086,,,,0,109.5,520.3464490417832,76.58333333333333,0.0,363.925712838203,1,0.0,0.0,0.0,0.0,31.0,582.0,1
Malawi,4,1649-004,1649-004-RG04-R01,,Zomba,BEANS AND OTHER LEGUMES,0.24685846,2.15221548,58.0,1,1,0,0,1,1,1.3800000000000001,5.590247950181655,,,,0,55.0,222.799737144921,2.2,0.0,8.911989485796841,1,0.0,0.0,0.0,1.0,24.0,735.3,1
Malawi,4,1803-002,1803-002-RG02-R01,,Blantyre,MAIZE,0.17401497999999999,0.2832802,77.0,0,0,0,1,1,1,3.5999999999999996,20.68787411290683,,,,0,172.27899980545044,990.0239611868499,31.0,0.0,178.14558263891996,1,0.0,1.0,0.0,1.0,20.0,579.0,0
Malawi,4,2364-001,2364-001-RG02-R01,,Zomba City,BEANS AND OTHER LEGUMES,0.30756136,0.71629422,68.0,1,1,0,0,0,0,0.0,0.0,,,,0,0.0,0.0,1.0,0.0,3.251383723885211,1,0.0,0.0,0.0,1.0,13.0,702.0,1
Malawi,4,1798-001,1798-001-RG04-R01,,Chiradzulu,MAIZE,0.07284348,0.58274784,37.0,1,1,0,1,0,0,0.0,0.0,,,,0,,,2.5,0.0,34.32016152989945,1,,,,,25.0,944.1666666666666,1
Malawi,4,0846-001,0846-001-RG02-R01,,Dedza,BEANS AND OTHER LEGUMES,0.42492030000000003,0.91863722,44.0,1,1,0,0,0,0,0.0,0.0,,,,0,196.4200096130371,462.25141423706305,16.0,0.0,37.654120078518254,0,0.0,0.0,0.0,0.0,32.0,1246.5,1
Malawi,4,0702-001,0702-001-RG01-R02,,Lilongwe,TUBERS / ROOT CROPS,0.0809372,0.4451546,49.0,1,1,0,1,0,0,0.0,0.0,,,,0,36.539999389648436,451.4611252878582,21.0,0.0,259.46042116603985,0,0.0,0.0,0.0,0.0,17.0,1241.0,1
Malawi,4,1658-004,1658-004-RG01-R01,,Zomba,BEANS AND OTHER LEGUMES,0.09307778,0.42896715999999996,18.0,1,1,0,1,0,0,0.0,0.0,,,,0,8.0,85.94962191835688,28.5,0.0,306.1955280841464,1,0.0,0.0,0.0,1.0,29.0,659.0,1
Malawi,4,0254-002,0254-002-RG01-R01,,Mzuzu City,MAIZE,0.05260918,0.28260918,24.0,1,1,1,0,0,0,0.0,0.0,,,,0,42.400001525878906,805.9430222230969,4.0,0.0,76.03235785085417,1,0.0,0.0,0.0,1.0,5.0,1289.0,1
Malawi,4,0813-009,0813-009-RG01-R02,,Lilongwe,BEANS AND OTHER LEGUMES,0.404686,2.8903092,43.0,1,1,1,1,0,0,0.0,0.0,,,,0,249.80999755859375,617.2934016956202,13.0,12.0,32.123671191985885,1,0.0,0.0,0.0,1.0,31.0,1165.0,1
Malawi,4,0827-002,0827-002-RG02-R02,,Lilongwe,OTHER,0.15782754,1.10074592,47.0,1,1,0,1,0,0,0.0,0.0,,,,0,,,40.0,,253.44119283618056,1,,,,,35.0,1181.0,1
Malawi,4,1054-004,1054-004-RG02-R01,,Ntcheu,RICE,0.1618744,1.0279024399999999,21.0,0,1,0,1,0,0,0.0,0.0,,,,0,245.0,1513.5191234685658,10.0,0.0,61.77629075381901,0,0.0,0.0,0.0,0.0,34.0,537.75,1
Malawi,4,0449-001,0449-001-RG06-R02,,Dowa,BEANS AND OTHER LEGUMES,0.23876473999999998,0.79318456,40.0,0,1,1,1,0,0,0.0,0.0,,,,0,299.7149963378906,1255.2732716643616,37.0,0.0,154.96425477229178,0,0.0,0.0,0.0,0.0,28.0,969.0,1
Malawi,4,0758-001,0758-001-RG01-R02,,Lilongwe,MAIZE,0.25495218,0.56251354,62.0,0,1,1,1,0,0,0.0,0.0,,,,0,556.3333358764648,2182.1085659140663,40.0,0.0,156.89216699382607,1,0.0,0.0,0.0,0.0,28.0,1194.6666666666667,1
Malawi,4,0123-001,0123-001-RG01-R03,,Mzimba,BEANS AND OTHER LEGUMES,0.39254542,1.41863722,81.0,0,1,1,1,0,0,0.0,0.0,,,,0,95.5999984741211,243.53869285781272,27.0,0.0,68.78184949909746,0,0.0,0.0,0.0,1.0,31.0,1233.8333333333333,1
Malawi,4,1054-004,1054-004-RG01-R01,,Ntcheu,MAIZE,0.63131016,1.0279024399999999,21.0,0,1,0,1,0,0,0.0,0.0,,,,0,262.0,415.00995326924567,34.0,0.0,53.85625347768837,1,0.0,1.0,0.0,1.0,34.0,537.75,1
Malawi,4,2252-003,2252-003-RG02-R01,,Balaka,MAIZE,0.08498406,0.34802995999999997,26.0,0,1,0,1,0,0,0.0,0.0,,,,0,56.4060001373291,663.724469474971,13.5,0.0,158.85331908124888,1,0.0,0.0,1.0,1.0,9.0,624.3333333333334,1
Malawi,4,1000-005,1000-005-RG05-R02,,Ntcheu,BEANS AND OTHER LEGUMES,0.08498406,0.6474976,27.0,0,1,1,1,0,0,0.0,0.0,,,,0,49.95249938964844,587.7866906999787,10.0,0.0,117.66912524536954,0,0.0,0.0,0.0,0.0,5.0,1007.75,1
Malawi,4,2196-001,2196-001-RG03-R01,,Balaka,MAIZE,0.10521836,0.3844517,24.0,0,1,0,1,0,0,0.0,0.0,,,,0,100.86400032043457,958.6159708289938,50.5,0.0,479.95425893351694,1,0.0,1.0,0.0,1.0,6.0,504.0,1
Malawi,4,1388-002,1388-002-RG01-R02,,Dedza,BEANS AND OTHER LEGUMES,0.0809372,0.4856232,42.0,0,0,0,1,0,0,0.0,0.0,,,,0,149.8574981689453,1851.5280757049331,18.0,0.0,222.39464671374844,0,0.0,0.0,0.0,0.0,27.0,1326.0,1
Malawi,4,1583-001,1583-001-RG03-R01,,Machinga,MAIZE,0.17401497999999999,1.8696493199999997,46.0,0,0,0,1,0,0,0.0,0.0,,,,0,0.0,0.0,11.666666666666666,0.0,67.04403647701288,1,0.0,0.0,1.0,1.0,64.0,661.0,1
Malawi,4,2215-004,2215-004-RG01-R01,,Nsanje,SORGHUM,0.59084156,0.59084156,67.0,0,0,0,1,0,0,0.0,0.0,,,,0,81.0,137.0925904399819,44.0,0.0,74.47004912789141,0,1.0,0.0,0.0,1.0,7.0,71.0,1
Malawi,4,0732-002,0732-002-RG01-R01,,Lilongwe,MAIZE,0.16996812,0.1821087,41.0,0,0,0,1,0,0,0.0,0.0,,,,0,50.0,294.17281311342384,2.0,0.0,11.766912524536954,1,0.0,0.0,0.0,1.0,28.0,1216.0,1
Malawi,4,1622-001,1622-001-RG04-R01,,Machinga,MAIZE,0.61916958,1.4771039,34.0,0,0,0,1,0,0,0.0,0.0,,,,0,357.0,576.5787137023108,38.0,0.0,61.3725241475849,0,0.0,0.0,1.0,1.0,44.0,775.3333333333334,0
Malawi,4,1498-001,1498-001-RG02-R02,,Mangochi,BEANS AND OTHER LEGUMES,0.202343,1.3840261200000001,72.0,0,0,0,1,0,0,0.0,0.0,,,,0,44.0,217.45254345344293,40.0,0.0,197.68413041222084,0,0.0,0.0,0.0,0.0,37.0,790.3333333333334,1
Malawi,4,2189-006,2189-006-RG02-R01,,Balaka,MAIZE,0.21043672,0.21043672,34.0,0,0,0,1,0,0,0.0,0.0,,,,0,153.0,727.059421948793,21.0,0.0,99.7924696792461,1,0.0,1.0,0.0,1.0,3.0,623.0,1
Malawi,4,1486-001,1486-001-RG01-R02,,Mangochi,BEANS AND OTHER LEGUMES,0.7689033999999999,1.8122903799999999,55.0,0,0,0,1,0,0,0.0,0.0,,,,0,185.0,240.60239556750565,65.0,0.0,84.5359768210155,1,0.0,0.0,1.0,1.0,42.0,571.0,1
Malawi,4,0578-005,0578-005-RG01-R01,,Salima,MAIZE,1.22,1.22,63.0,1,0,0,0,0,0,0.0,0.0,,,,0,750.0,614.7540983606558,18.0,0.0,14.754098360655737,1,0.0,0.0,0.0,0.0,30.0,,1
Malawi,4,1551-002,1551-002-RG01-R01,,Machinga,MAIZE,0.19829613999999998,0.76113962,47.0,1,0,0,0,0,0,0.0,0.0,,,,0,209.4060001373291,1056.026608169625,36.0,0.0,181.54665037857018,1,0.0,0.0,1.0,1.0,18.0,749.6666666666666,1
Malawi,4,0895-001,0895-001-RG04-R01,,Dedza,MAIZE,0.1011715,0.93482466,31.0,1,0,0,1,0,0,0.0,0.0,,,,0,25.0,247.10516301527605,8.0,0.0,79.07365216488833,0,0.0,0.0,0.0,0.0,25.0,1252.25,1
Malawi,4,0264-001,0264-001-RG04-R01,,Kasungu,BEANS AND OTHER LEGUMES,0.19829613999999998,0.65963818,41.0,1,0,0,1,0,0,0.0,0.0,,,,0,124.8812484741211,629.7714543214058,37.0,0.0,186.589612889086,0,0.0,0.0,0.0,0.0,35.0,1053.6666666666667,0
Malawi,4,1919-002,1919-002-RG01-R01,,Mulanje,BEANS AND OTHER LEGUMES,0.15378068,0.84709276,63.0,1,0,0,0,0,0,0.0,0.0,,,,0,107.5,699.0475006353204,18.0,0.0,117.0498140598676,1,0.0,0.0,1.0,1.0,10.0,621.5,1
Malawi,4,1530-002,1530-002-RG03-R01,,Mangochi,MAIZE,0.25090532,0.25090532,29.0,1,0,0,0,0,0,0.0,0.0,,,,0,24.382000148296356,97.1760987303751,30.0,0.0,119.56701436223035,1,0.0,0.0,0.0,1.0,44.0,1075.0,1
Malawi,4,2189-001,2189-001-RG01-R01,,Balaka,MAIZE,0.43706088000000004,0.43706088000000004,71.0,1,0,0,0,0,0,0.0,0.0,,,,0,357.0,816.8198444116068,51.0,0.0,116.68854920165812,1,0.0,1.0,0.0,1.0,3.0,620.0,1
Malawi,4,2011-001,2011-001-RG02-R01,,Mulanje,SORGHUM,0.10926522000000001,2.97277972,49.0,1,0,0,1,0,0,0.0,0.0,,,,1,100.0,915.2043074639853,74.5,0.0,681.827209060669,1,0.0,0.0,1.0,1.0,13.0,551.75,1
Malawi,4,2096-001,2096-001-RG03-R02,,Chikwawa,OTHER,0.1214058,0.92268408,47.0,0,1,1,1,0,0,0.0,0.0,,,,0,57.0,469.4998097290245,36.0,0.0,296.52619561833126,0,0.0,0.0,0.0,0.0,11.0,,0
Malawi,4,0445-002,0445-002-RG01-R02,,Dowa,BEANS AND OTHER LEGUMES,0.32779566,1.0521836,51.0,1,1,0,0,0,0,0.0,0.0,,,,0,114.18750286102295,348.3496482565479,54.0,0.0,164.73677534351737,0,0.0,0.0,0.0,0.0,28.0,931.0,1
Malawi,4,0381-001,0381-001-RG02-R02,,Ntchisi,BEANS AND OTHER LEGUMES,0.25495218,2.5940372599999995,49.0,0,1,0,1,0,0,0.0,0.0,,,,0,570.9375143051147,2239.390595934951,2.75,0.0,10.786336480825543,0,0.0,0.0,0.0,0.0,16.0,1079.8333333333333,1
